{"version":4,"hash":{"type":"Buffer","data":"mOe387jiSFbOZ1IjvWfFcUvTpxyvyo6FBJ7fyR6WsKdkuvSAIbvV4H6sQ0cRcpVQLpZ9V6ZfoIDifkBgz/XA6f+tfmeQCPBGMsgpLKmg0xq1NzB6O+IwoCg/bHby+9z86GP7c46w+rcJDFtczcIfEw6jHlzQAEhU6UWOS56R+64="},"indexValueMap":{"bZTZp6DPAYlITVNSkTl+VC514P1RPFfQwBQntUAcWVc=":{"valueMac":{"type":"Buffer","data":"i9Lv/8kyJbh8Q2CT4Xk1OOlM60RTlfAZhdgK37fMwg0="}},"2aobItuuspZQgMwm2MyDKqMGQs9GGKUZaHYimDYqXiY=":{"valueMac":{"type":"Buffer","data":"a7fWXB0Qp80qlLH++FIVLNXMqSKpTSwNn60OkRwgm6w="}},"B8EY9yxS+0r4l9BJ25nJbcyXbG8OXLOimS2C3IOngGc=":{"valueMac":{"type":"Buffer","data":"SZmbVq17+WD21gJ/xL7MoiSEoarvVlihnQ8d+4oXXtA="}},"tAJrR+Digu7e5g3wn58eR5KvFHT4O7nBYVAH1frB49k=":{"valueMac":{"type":"Buffer","data":"BezYH1GGEhvWN8qM2dZB1Tek4rrjlWI8XS0cbksFV1E="}},"qxHGsf99V4qlhoMkTZd9dm8SRpdolsBVq/7MQilWBtI=":{"valueMac":{"type":"Buffer","data":"Q+Vl0pwM9FZr9JYKdP4uEyaudar+hGUcWLboDQ31oK0="}},"3doqtSPXn23GLphD/EGJWbi1GkNL425xF3snfOalLH0=":{"valueMac":{"type":"Buffer","data":"aJQxiuNKW/VwkXIIpg02cNh8zizwUmSLEjRH8w0wpmU="}},"zUUswjp5QteXGFDWYmcLDlOzX52yEW09pvIlIB3+RXc=":{"valueMac":{"type":"Buffer","data":"rd9m7Mh+ZRMs3e0ChOivg1TK9WJ/R8mMnc00efIvYoY="}},"FYKJE0ASkNTlIpj+ALNR8qYCEhxJjjcvrXw0MR+HMqM=":{"valueMac":{"type":"Buffer","data":"oOEdCZrtSfUbJz5TEhU7tsa6ezGGHSIVIw4bMMqgJ6M="}},"tRUaczP64AbYi+xv8NGGbVum/T0w3B8Pai49O5h0X2I=":{"valueMac":{"type":"Buffer","data":"deR66TNWaQbqVY6kLL1IhysDdRBuMStmMoNbC3lnXXs="}},"ILHkMSWOhfagAKSD6J4mSTC/B5cwKMPucVMeTk2x/nE=":{"valueMac":{"type":"Buffer","data":"aRw5hcLDeATFqqQpc62CQ+rLOcXrNPOn3wqaBg7MQwY="}},"pGUkhDlub5sIFNFDw2+/8FjOE+8m4fZGil0B6OPi3f4=":{"valueMac":{"type":"Buffer","data":"8iQzCCV0iRGhWx8OlTxV9vcheNO36fw+GsOjafl9870="}},"f5FdITW8LEhmjEOf9HmpknGutCz1FfjisPj3aAukdvE=":{"valueMac":{"type":"Buffer","data":"MVmYV7auYSxegfNgr+ZmbLKqpF67QxwYU15j5RVuY2I="}},"+y+Cb5NwvKAzpbILHug7Pk0C3oNqn0Jn3j3jYXxp9l8=":{"valueMac":{"type":"Buffer","data":"JhKmpkRePkRVnIHJxL9WG9wLK0ubljNjWQbCBvZh5QI="}}}}