{"version":2,"hash":{"type":"Buffer","data":"I2x5K/Cenl+zPZzVBJoeuB2NQqMmuta8q+pBcvTJvGkCOGNlMT4kReTs34wf3hEuMube4oKihjPcWTiZ3igye2NiRbymtVs8kuQR+GS86NBXYe8+vowSsHuvzkJVRE2FFhMIiR+baN8Kc2H/EDnKfd6wjDthfgimqcPbFJLGf9Y="},"indexValueMap":{"tEALQX0kXR8OCiFrKKbcKafqb6vohtSG5LVHiThX1nI=":{"valueMac":{"type":"Buffer","data":"vLGkw66mqr3uJm03LuEti+/0sz0ZRH+9UdjJ7rplHhw="}},"ozFyHviFXP447VmOz+UEJ6vczlw/aV7JzEhTOdvFcDU=":{"valueMac":{"type":"Buffer","data":"bJ4V2GJ4PlWJn5zfVFFSmrKASecZS8g+Rnx7ECU0a8k="}},"FbYRTrzhm3oLV4jiwWeUcg/Gtsnr98i1EJpVZABCJBU=":{"valueMac":{"type":"Buffer","data":"L2RrA6IfCKuKKJs3BIWqdt71lLq91/sla070e36H9ng="}},"eKwv6sLduRWXBqupqm810iom1f96ePu4TIt6Xs6PxKI=":{"valueMac":{"type":"Buffer","data":"2AoEmFCEVkKjgz+l9WZTVjSvMBrXst2pMVjox5xB4fQ="}},"7ie/Y8KkO0FsAHccvplz6bC+hivt4G6SnQBikEOtwCk=":{"valueMac":{"type":"Buffer","data":"rLZjawjURaPWk6l8dkGEQWeeAw9bocgZEQxRXUcODF4="}},"qehbEgcMomVGegs1JUaZhq0Y13Xryyu3w1bf+9oFSRE=":{"valueMac":{"type":"Buffer","data":"SPqtSQVy2cZiRzHef0i8W/StSAj4EJOjQIpLFwlJXgY="}},"vvjq2z6RPN0OCf9E63xmjxDEa8T/06gaux0Jy4WL+lg=":{"valueMac":{"type":"Buffer","data":"Vpkq+z91UL52wd46IdiufKvy4/KYqSbinYa6eL+fxig="}},"/9zwmDrjhjKOo1zZeDlENtRL+Ik5tB4GjusvUNgCM7k=":{"valueMac":{"type":"Buffer","data":"xS2T/0uppILdH01tA0BFG6nFXWDHqO6FRkxdE/YsnnY="}},"siS980xgnpp6IlWARF2zjCCkCGUCbspqAdYs1gyhgGA=":{"valueMac":{"type":"Buffer","data":"ylCYRjgVH889D+rILb0SPgU7pjAPZw6NTbVr56EDNNA="}}}}