{"noiseKey":{"private":{"type":"Buffer","data":"yK+Vdnvk7Dfew8IDXp65gqKjZYNyaKFqZb0/Yg+VT3g="},"public":{"type":"Buffer","data":"FudmlMAu0MR0xEqlVQht9KRtdjG0ADOr8yjuVr2WxVk="}},"signedIdentityKey":{"private":{"type":"Buffer","data":"mIZjoBf12ANuKMymSbjW6ZNw6hxugtFb/2C21zijD1Y="},"public":{"type":"Buffer","data":"w99BotNNJgI1psENm6YttuY18aPzgyKeGE9qFgak8Dg="}},"signedPreKey":{"keyPair":{"private":{"type":"Buffer","data":"aEIU58jiSeAwktY0HrEG8Tt+5ARAgmf3bWbCum72tGs="},"public":{"type":"Buffer","data":"xIakoRhwb6qWhfhNVtoYKdUryJQohZuoLQOmIlNxf24="}},"signature":{"type":"Buffer","data":"X00mAOaZOVSEzVJ0w1KaZrr5VkwwPxP7zrlnF7OhBbDBMBY/WGMqxHLkfND4x5SHoRwmCuIK4uRjdo3QxnL6Bg=="},"keyId":1},"registrationId":26,"advSecretKey":"qPmxwsEwIi/wfG+mNUoBcvcW/a+ffyg+S7tTAZMTjTQ=","processedHistoryMessages":[{"key":{"remoteJid":"6287753965174@s.whatsapp.net","fromMe":true,"id":"EA0D2620F0A2FC6BFBCE1B54CC3284F9"},"messageTimestamp":1684228484},{"key":{"remoteJid":"6287753965174@s.whatsapp.net","fromMe":true,"id":"FBAC973EF01FD2E9470F103AB27704FF"},"messageTimestamp":1684228487},{"key":{"remoteJid":"6287753965174@s.whatsapp.net","fromMe":true,"id":"4410E2FB16130EE5683A7F0F708C8682"},"messageTimestamp":1684228493},{"key":{"remoteJid":"6287753965174@s.whatsapp.net","fromMe":true,"id":"87E66D4DDEC7B49291D2C2F257AB8C3A"},"messageTimestamp":1684228493}],"nextPreKeyId":121,"firstUnuploadedPreKeyId":121,"accountSyncCounter":1,"accountSettings":{"unarchiveChats":false},"account":{"details":"CPf37b4GEP2SjaMGGAE=","accountSignatureKey":"Ym+FJmYjsV4fJDk+B9H93goXwM6hraMJrr8RVa2z3is=","accountSignature":"64rp/+43EcRqcPvrbyx+/q3aqQgpLsBVlneHe+aJG8/sa4JE+bPIMipcQyTjqV0S9uHAdH5N5/AsMi1skc9+BA==","deviceSignature":"nXQSeQkV/cTz/fLwiiuitJQatBwg7brsh21pTpMvknc2ojULIkdAPexjtWhcIIuCdrfNoZeLH7ixeOD+VxRCDQ=="},"me":{"id":"6287753965174:9@s.whatsapp.net","name":"FuadXy"},"signalIdentities":[{"identifier":{"name":"6287753965174:9@s.whatsapp.net","deviceId":0},"identifierKey":{"type":"Buffer","data":"BWJvhSZmI7FeHyQ5PgfR/d4KF8DOoa2jCa6/EVWts94r"}}],"platform":"smba","lastAccountSyncTimestamp":1684228739,"myAppStateKeyId":"AAAAAFXn"}