[{"senderKeyId":176026756,"senderChainKey":{"iteration":2,"seed":"BH2evuh7pL33Qs7dObWj35lzmGCR3JRziSpOQGEO8pw="},"senderSigningKey":{"public":"Be6jc/RD1E45eBlX42wGg4ST7uIgyMMcsx3j4gDvW18V"},"senderMessageKeys":[]},{"senderKeyId":1102997071,"senderChainKey":{"iteration":12,"seed":"mE5r7Eqgc5RX5i2ASN9KhE8tqBxd6YJW60qH/rfNcJc="},"senderSigningKey":{"public":"BS8HmVSP7g+1WvJ8vUw6yaFKz8WXEu8Jo3wHH4TphddL"},"senderMessageKeys":[]},{"senderKeyId":2067086177,"senderChainKey":{"iteration":1,"seed":"h0UpmbvpDyQRP4Cqgs9d1T4i9oC5GwDHwWLUUeraIpQ="},"senderSigningKey":{"public":"BccAuKnfRwRhzbM9KwdpuxJgpYKfPAQU3EIXcvsk6ac7"},"senderMessageKeys":[]}]