[{"senderKeyId":311303292,"senderChainKey":{"iteration":1,"seed":"uImCoPM8XeY/OfsYeW3H+ursvlRcLxlNJjFTg4Wos5E="},"senderSigningKey":{"public":"BbADlvU4hysqiNvwicKld1Uf3968Xqw8+gmh2MHMK/1v"},"senderMessageKeys":[]},{"senderKeyId":1403733464,"senderChainKey":{"iteration":1,"seed":"ERKBEWNyzIQHLlUKKtqeLx12sCymucfIw9m1FV4aU8Y="},"senderSigningKey":{"public":"BUrtM8V/SKDGF6cCGpaVHef3odzpOD/stHP93LSJOZMA"},"senderMessageKeys":[]},{"senderKeyId":1719700944,"senderChainKey":{"iteration":1,"seed":"vJwdMgbyi2HZcpBmJWE12haIZICHVs8Um1B7h+yy4ic="},"senderSigningKey":{"public":"BWRjddAUT8mMIPFBVa6SKKZPDeTQ4UfRW5bpVdJ/4O13"},"senderMessageKeys":[]}]