{"_sessions":{"BYdayKFERvSdRXoiH1VHpjl6IZX15pdCF67XnHQ3OQlO":{"registrationId":1600,"currentRatchet":{"ephemeralKeyPair":{"pubKey":"BUDYlH5JIL4Ekizqv7PkTatMhM7RVCJ8xLMYGarfgOtB","privKey":"mCt590DXs9j87WIK6S/pLKdgtLMxeg8S91xKkdgpc1U="},"lastRemoteEphemeralKey":"BaGL06IoFkFLswPyi29+2NniCKN6BkmMcCB+0bbINX0Z","previousCounter":0,"rootKey":"B+b9oaXGjzegkkOFES/4EZN5ih5FNCLxRtk3n4MwkBw="},"indexInfo":{"baseKey":"BYdayKFERvSdRXoiH1VHpjl6IZX15pdCF67XnHQ3OQlO","baseKeyType":1,"closed":-1,"used":1684229002901,"created":1684229002901,"remoteIdentityKey":"BZfFh7tK2lrTi0/vWjGZHCeMifRqQgYahBx2lhMiu95s"},"_chains":{"BUDYlH5JIL4Ekizqv7PkTatMhM7RVCJ8xLMYGarfgOtB":{"chainKey":{"counter":0,"key":"cVXWyCXz8W7seW+bc5hVcC0ztMTar4wqtM7f6p4JDgQ="},"chainType":1,"messageKeys":{}}},"pendingPreKey":{"signedKeyId":1,"baseKey":"BYdayKFERvSdRXoiH1VHpjl6IZX15pdCF67XnHQ3OQlO","preKeyId":233}}},"version":"v1"}