{"_sessions":{"Bdt3cXMWJ8WBk8WrhuZOzVMYRdZwllebKXpLRcbbmGRv":{"registrationId":425919674,"currentRatchet":{"ephemeralKeyPair":{"pubKey":"BUsbcDTpiilpfZuxI8Fm2zveQdznDC8DNzdBdwrG25Ul","privKey":"UFmqLlgaox7N+3mADvQgtUaag9KzFga4tqBjz5dBJEo="},"lastRemoteEphemeralKey":"Besh/lInOpxXOsw63Eml7cTQssd1zkxHC1ySqiCV0gMA","previousCounter":0,"rootKey":"rXhhjmqnooIJvXQF91ius+kIvsYmh6Nsgfb/J8Sa9v8="},"indexInfo":{"baseKey":"Bdt3cXMWJ8WBk8WrhuZOzVMYRdZwllebKXpLRcbbmGRv","baseKeyType":1,"closed":-1,"used":1684229003238,"created":1684229003238,"remoteIdentityKey":"BY+taet5XWGL9ymsxeIcjLXaJdssaP3/lFWg/dAOd3JG"},"_chains":{"BUsbcDTpiilpfZuxI8Fm2zveQdznDC8DNzdBdwrG25Ul":{"chainKey":{"counter":0,"key":"kxaLihZhOa8pByqpp8CHCWY15KEmo5hujH/t22mX8gI="},"chainType":1,"messageKeys":{}}},"pendingPreKey":{"signedKeyId":13,"baseKey":"Bdt3cXMWJ8WBk8WrhuZOzVMYRdZwllebKXpLRcbbmGRv"}}},"version":"v1"}