{"_sessions":{"BWzwZj4Kvp46mQmzeoHyvChEpCxzIhgYDYtzq+mNLy9s":{"registrationId":758757087,"currentRatchet":{"ephemeralKeyPair":{"pubKey":"BdMTQ4tDeypmZqe4C4mc/FBuJh23OdAfjtkEZtmLhYE6","privKey":"GCAofRlGQB+0EmgAzHBvIPyuAlV6t9vc5mFT+x7oh04="},"lastRemoteEphemeralKey":"BXnKF+hwf+eiWQ9BgYSNMI28/ju8hPFsOlvaaBWl8MMu","previousCounter":0,"rootKey":"o7n8L1Ivox32cFqhbWJKcpaR/6vcISgyFOMffvfkRmk="},"indexInfo":{"baseKey":"BWzwZj4Kvp46mQmzeoHyvChEpCxzIhgYDYtzq+mNLy9s","baseKeyType":1,"closed":-1,"used":1684229003220,"created":1684229003220,"remoteIdentityKey":"BQeh13dYU34uqC1vnluxw1pKXc5xNeRI18krC/1XXaI+"},"_chains":{"BdMTQ4tDeypmZqe4C4mc/FBuJh23OdAfjtkEZtmLhYE6":{"chainKey":{"counter":0,"key":"OLfONXncgiCjnHWwqMWHDpGpcMcLqSUxzo8Rikbcn5g="},"chainType":1,"messageKeys":{}}},"pendingPreKey":{"signedKeyId":2,"baseKey":"BWzwZj4Kvp46mQmzeoHyvChEpCxzIhgYDYtzq+mNLy9s"}}},"version":"v1"}