{"_sessions":{"BQHfg/ZvoSF/cF/yactLvvksQeEAQNPsocBQLaMFR81c":{"registrationId":102,"currentRatchet":{"ephemeralKeyPair":{"pubKey":"BT/noEvoqw81kGdu+a7bdRPLmQnJb+42e5oT7xeHr6YC","privKey":"UEMxkrfYk2uu7OMFbdpZKHaUdFz1jCZdTjxPDDr9OVs="},"lastRemoteEphemeralKey":"BVi3hEDiqKY3BHxKScA0V0vW3eZkc+juyKzGUCnnuAJr","previousCounter":0,"rootKey":"A2giJTsTYKIryU91XpJQjBHJKV1rkr6VvPXss/8qoko="},"indexInfo":{"baseKey":"BQHfg/ZvoSF/cF/yactLvvksQeEAQNPsocBQLaMFR81c","baseKeyType":1,"closed":-1,"used":1684229002950,"created":1684229002950,"remoteIdentityKey":"BbI2qDrStA9vKmt01hpp/wCE9kLBGL48wBj4V5EFBeZH"},"_chains":{"BT/noEvoqw81kGdu+a7bdRPLmQnJb+42e5oT7xeHr6YC":{"chainKey":{"counter":0,"key":"C3r1t755B9/N7nveBIUGcjSGq7iMPl3tyFwGlrNm3+E="},"chainType":1,"messageKeys":{}}},"pendingPreKey":{"signedKeyId":1,"baseKey":"BQHfg/ZvoSF/cF/yactLvvksQeEAQNPsocBQLaMFR81c"}}},"version":"v1"}