{"_sessions":{"Bd2LkuQmB/dY/kdaGOpK47VfEx8RwiytjpYGD7YqFuJO":{"registrationId":1514584777,"currentRatchet":{"ephemeralKeyPair":{"pubKey":"BUnvJ7p5IAnDYjq1rXmJay5Wk/ZD0OTicIkPVtu/tH1g","privKey":"YPJ8RMFKMrEpm24q1Mom4wAprvUnCWljellA6Mms9WQ="},"lastRemoteEphemeralKey":"BVnc4sgIwBy0W+7vk07K06xGd+iXTXELLjMdi6smvdYz","previousCounter":0,"rootKey":"kyzgKR8pshcPBljPjD6C0FLc/oyNNNiZrDPIG43dKcQ="},"indexInfo":{"baseKey":"Bd2LkuQmB/dY/kdaGOpK47VfEx8RwiytjpYGD7YqFuJO","baseKeyType":1,"closed":-1,"used":1684229003264,"created":1684229003264,"remoteIdentityKey":"BUVyshm7l/twNzcfXiurPuCF0gg05P6pFnVM+AG/5BkV"},"_chains":{"BUnvJ7p5IAnDYjq1rXmJay5Wk/ZD0OTicIkPVtu/tH1g":{"chainKey":{"counter":0,"key":"f85Yh1gQRY4IkoPW/x0coHcpDHy/qSlc/Q460YLOYvc="},"chainType":1,"messageKeys":{}}},"pendingPreKey":{"signedKeyId":13,"baseKey":"Bd2LkuQmB/dY/kdaGOpK47VfEx8RwiytjpYGD7YqFuJO","preKeyId":12401668}}},"version":"v1"}