{"_sessions":{"BUoLrUbvjj7WGo2pQTEWfN2Qu4wYbas8X9/M6/FWluhH":{"registrationId":517166426,"currentRatchet":{"ephemeralKeyPair":{"pubKey":"Bacj0hPae/CwbcWI1STGaFu2gpy2vb8BzNrReNa1aQIl","privKey":"sMdj36vXQjtwiEK4LhT475j/wcxp3HyXPG1uHLyUClA="},"lastRemoteEphemeralKey":"BSf07kbmyZo0iTB2aJ6RL0HLgJYcdCWjYoJ4XQitaCo5","previousCounter":0,"rootKey":"IJPLACdhbixiX7jTsgRItipR+wuMJ8peAFmvfPGfMf4="},"indexInfo":{"baseKey":"BUoLrUbvjj7WGo2pQTEWfN2Qu4wYbas8X9/M6/FWluhH","baseKeyType":1,"closed":-1,"used":1684229003252,"created":1684229003252,"remoteIdentityKey":"BfHtVDT1Q0YPWdtaDp83qB4n+vG2G2Y9XpmqKcvPCJki"},"_chains":{"Bacj0hPae/CwbcWI1STGaFu2gpy2vb8BzNrReNa1aQIl":{"chainKey":{"counter":0,"key":"iNeuFzp4lfKZlQPZ38dAZ5u+tlw0snuuyudFUN+ppRs="},"chainType":1,"messageKeys":{}}},"pendingPreKey":{"signedKeyId":2,"baseKey":"BUoLrUbvjj7WGo2pQTEWfN2Qu4wYbas8X9/M6/FWluhH","preKeyId":4799608}}},"version":"v1"}