{"_sessions":{"Bf8Kmj2nz6w8HBNpr7YLvgDVtL58g4tr25Re0dQ8HTAm":{"registrationId":46,"currentRatchet":{"ephemeralKeyPair":{"pubKey":"BXbbtZxc77RZdiSw0+5HyBuH0BzDofkr+QH9xBtttz1+","privKey":"UCD4gV6TlhIOLnJBksQAuemBH4Le2HNJpM23CUD5wG4="},"lastRemoteEphemeralKey":"BY+qHdMKwtbLccrchKfksbgeVm1kSXtk+KtyKVe7SdJW","previousCounter":0,"rootKey":"NO6ymCZm4Cr+B7kAME7D9Jde7cOdc1lSR2edPW4YYhI="},"indexInfo":{"baseKey":"Bf8Kmj2nz6w8HBNpr7YLvgDVtL58g4tr25Re0dQ8HTAm","baseKeyType":1,"closed":-1,"used":1684229002905,"created":1684229002905,"remoteIdentityKey":"BQgKIRsII5hrsZRtelqhAVmUCFl1G+m617XJAeqmUs5V"},"_chains":{"BXbbtZxc77RZdiSw0+5HyBuH0BzDofkr+QH9xBtttz1+":{"chainKey":{"counter":0,"key":"9VICBRUG8rBJjd2wZyAs6j3DijMxFnOzyhFtMRCxgxA="},"chainType":1,"messageKeys":{}}},"pendingPreKey":{"signedKeyId":1,"baseKey":"Bf8Kmj2nz6w8HBNpr7YLvgDVtL58g4tr25Re0dQ8HTAm"}}},"version":"v1"}