{"_sessions":{"BZsezVJC5H4lf+sidrrR00sMWtN1WkPutH3ickhUtDt3":{"registrationId":1343464905,"currentRatchet":{"ephemeralKeyPair":{"pubKey":"BYoiMDFH/IKLz6hY1r7kCuBK8o1BKnkXomsFlfQOyS1U","privKey":"eJEFWN4jusQIUAIUFBJ41fqqrPqYTWpClFgtIhG5s0s="},"lastRemoteEphemeralKey":"BRKYboi16O8uyelBvhzChPa2tPap+EP1FTPxpGdbejgr","previousCounter":0,"rootKey":"Lwdh61ZXu62Ki73AKOpcFUWjR3FblzHzXoPkAN34J38="},"indexInfo":{"baseKey":"BZsezVJC5H4lf+sidrrR00sMWtN1WkPutH3ickhUtDt3","baseKeyType":1,"closed":-1,"used":1684229003226,"created":1684229003226,"remoteIdentityKey":"BSim4jqBVrVYRXcrCqvK7xo/gmldd55TVYROHG8HIY0V"},"_chains":{"BYoiMDFH/IKLz6hY1r7kCuBK8o1BKnkXomsFlfQOyS1U":{"chainKey":{"counter":0,"key":"j4VClrqFwNXBY8eu0wt3oA5g51USSGPCDv04eAwgSzk="},"chainType":1,"messageKeys":{}}},"pendingPreKey":{"signedKeyId":0,"baseKey":"BZsezVJC5H4lf+sidrrR00sMWtN1WkPutH3ickhUtDt3"}}},"version":"v1"}