{"_sessions":{"BbxQPiXMN0OBH9O/EnDYKWPkNzX1UY6eniXWrvjEr4Ix":{"registrationId":1232277712,"currentRatchet":{"ephemeralKeyPair":{"pubKey":"Ba7ui6hXwi3rKHInkOKTKOjwnSc9eGO3S7PqnlD6aaZs","privKey":"6O2irXOBlnBQ+s8bYrZNz8Q0iM0qOsPHMXlurSxfXVQ="},"lastRemoteEphemeralKey":"BUFq48W52GyH/5EWh/UvpFCIO6vrRM8NJ597L9B4HGo1","previousCounter":0,"rootKey":"11l/gbRp5TBSpaJYQvqtQh42c2Ay9Bzvz5hG0q2x5AU="},"indexInfo":{"baseKey":"BbxQPiXMN0OBH9O/EnDYKWPkNzX1UY6eniXWrvjEr4Ix","baseKeyType":1,"closed":-1,"used":1684236090391,"created":1684236090391,"remoteIdentityKey":"BXtI5vjFDqbdVqa+SZJQnOzGcvPmjjxlO9hpxpNxPj1e"},"_chains":{"Ba7ui6hXwi3rKHInkOKTKOjwnSc9eGO3S7PqnlD6aaZs":{"chainKey":{"counter":0,"key":"790KdYPiYKBtGj8SSDNVyPl+DokvQ3LOgHBhzGa5F/0="},"chainType":1,"messageKeys":{}}},"pendingPreKey":{"signedKeyId":12,"baseKey":"BbxQPiXMN0OBH9O/EnDYKWPkNzX1UY6eniXWrvjEr4Ix","preKeyId":9142069}}},"version":"v1"}