{"_sessions":{"BaxcPoWJqv2HaTJ5DnklM13g2xOoNAquxpO5TGI4mzZV":{"registrationId":211,"currentRatchet":{"ephemeralKeyPair":{"pubKey":"BbxTY1E+8S9sNYHTzOcvsT+F9MH2ncyxuBjkIUH+m2N5","privKey":"qBnzLH7NXRtZwRZLEV0BHiqCGUIy+TUFbqipzqNHJlg="},"lastRemoteEphemeralKey":"BVMPNUdY1Tb8z4gRrHtcGNcKrhLk0qWe+Tj98VeWmWMt","previousCounter":0,"rootKey":"ffYauL0SgKwBWX4x471NagX+izNIMmZjCPdbtIE0sXU="},"indexInfo":{"baseKey":"BaxcPoWJqv2HaTJ5DnklM13g2xOoNAquxpO5TGI4mzZV","baseKeyType":1,"closed":-1,"used":1684229003190,"created":1684229003190,"remoteIdentityKey":"BUlaFGZEbiJ89qKM6QQSu4DR6oYMHpyZMdGnrtk0AAVq"},"_chains":{"BbxTY1E+8S9sNYHTzOcvsT+F9MH2ncyxuBjkIUH+m2N5":{"chainKey":{"counter":0,"key":"uOc8ovpy2SNoqDSd1AmQONOojt0h1GoMSNz3c1cIv+s="},"chainType":1,"messageKeys":{}}},"pendingPreKey":{"signedKeyId":1,"baseKey":"BaxcPoWJqv2HaTJ5DnklM13g2xOoNAquxpO5TGI4mzZV","preKeyId":62}}},"version":"v1"}