{"_sessions":{"BWZulXueecn9YVKk+cefaqfrblIWVSP11BNOTp1qGBZt":{"registrationId":95478332,"currentRatchet":{"ephemeralKeyPair":{"pubKey":"BaEExY6xHnnI+AyYDa9BldyauTQYdX9ntifQ7JAebDwx","privKey":"cObEx7CDEYr/Gj9cAGq6KDNfsp+ekzR4amPoS9B/PHQ="},"lastRemoteEphemeralKey":"BTOsDIFo7Y2Qlabeg5QEE868ia9DY4pq+PB2U2PemUUs","previousCounter":0,"rootKey":"IS5FnAi0YViEuSMPIV90RCvJiUbNx8BxyrH3+43gVjc="},"indexInfo":{"baseKey":"BWZulXueecn9YVKk+cefaqfrblIWVSP11BNOTp1qGBZt","baseKeyType":1,"closed":-1,"used":1684229003204,"created":1684229003204,"remoteIdentityKey":"BYlL4CXv2E3rA0XVrKDbWk1rNy11rHhZutQaDzOoTJN1"},"_chains":{"BaEExY6xHnnI+AyYDa9BldyauTQYdX9ntifQ7JAebDwx":{"chainKey":{"counter":0,"key":"LJYKHSdrxlgIwl67Gb3QFHOA9jWZREplmFAT8RelNc8="},"chainType":1,"messageKeys":{}}},"pendingPreKey":{"signedKeyId":1,"baseKey":"BWZulXueecn9YVKk+cefaqfrblIWVSP11BNOTp1qGBZt","preKeyId":8883509}}},"version":"v1"}