{"_sessions":{"Bcij8KhgWill7YjzO8o+Wd32GZqpmUw+NF1O6sWqKCln":{"registrationId":2119837479,"currentRatchet":{"ephemeralKeyPair":{"pubKey":"BdcPX2U5e9PY/CFF4p/PfwswlTjOMtRQMeFH0X/sulk8","privKey":"WLtI/37R8fNJAupK7C81XEHNm3ln1M4l2+YhW+rZPUo="},"lastRemoteEphemeralKey":"BU3cdPd43IQh9Po2pb+GOnL2oeOzD9QR4VXlsnOXab0o","previousCounter":0,"rootKey":"cD10VlTW7OJZ8/gvjfWBYbOjrevWO2Bc36SnKBZLBeQ="},"indexInfo":{"baseKey":"Bcij8KhgWill7YjzO8o+Wd32GZqpmUw+NF1O6sWqKCln","baseKeyType":1,"closed":-1,"used":1684236090410,"created":1684236090410,"remoteIdentityKey":"BbAxwA6Hen4GbR2GWALZN02+goptVByM3Oe0y3GqXyI5"},"_chains":{"BdcPX2U5e9PY/CFF4p/PfwswlTjOMtRQMeFH0X/sulk8":{"chainKey":{"counter":0,"key":"nFhAxl+o9eFRpAbIdkH41cpou9gKx0BY8AzNJxRi6o8="},"chainType":1,"messageKeys":{}}},"pendingPreKey":{"signedKeyId":0,"baseKey":"Bcij8KhgWill7YjzO8o+Wd32GZqpmUw+NF1O6sWqKCln","preKeyId":1160323}}},"version":"v1"}