{"_sessions":{"BdobzGgbDmtNmIJyNr/i8BZaKLhU4x00cEKr620KhthR":{"registrationId":1375333887,"currentRatchet":{"ephemeralKeyPair":{"pubKey":"BaYi3AM2FXgVDVKPLNwja0u+r7k63UuyMSgdpeEe0epv","privKey":"WJ7H0tRkJqgC4i3pfRefp6Z8izV+VDYYvurMzRplEW8="},"lastRemoteEphemeralKey":"Bc+9eu9tpnZOvLv2qIy2YSttDQ6f+/ebc+dSbtSEnUkv","previousCounter":0,"rootKey":"0YJ3Eu0jlqm9+52GRz2/tgVc5eyHtN1Kd0H66lNsljo="},"indexInfo":{"baseKey":"BdobzGgbDmtNmIJyNr/i8BZaKLhU4x00cEKr620KhthR","baseKeyType":1,"closed":-1,"used":1684229003243,"created":1684229003243,"remoteIdentityKey":"BX91KZxzUyUWWiA64uA9/BN0LM/MTdYhcDm1bXku+gUp"},"_chains":{"BaYi3AM2FXgVDVKPLNwja0u+r7k63UuyMSgdpeEe0epv":{"chainKey":{"counter":0,"key":"FqqraX0hFD35da3ALM4GJzzfCQLps5cv4WW2uHeCen4="},"chainType":1,"messageKeys":{}}},"pendingPreKey":{"signedKeyId":0,"baseKey":"BdobzGgbDmtNmIJyNr/i8BZaKLhU4x00cEKr620KhthR","preKeyId":8311544}}},"version":"v1"}