{"_sessions":{"Bf0HR24hyue63Jv/8QK6AkzJTG1ZYnUOO2a1OLI2CEFJ":{"registrationId":76184098,"currentRatchet":{"ephemeralKeyPair":{"pubKey":"BQsYFIPcxLHysD6oY/V+6nNaLar93g3/4ooDAv0H284/","privKey":"0DHYMc4ofm5kKvY+IKRT+3Hty3PrfA0wEOJ2cCqOwEw="},"lastRemoteEphemeralKey":"BctP9Crw/To5MLW5vE8mK6Kn8eMp8RN9y3mlYB/46eV3","previousCounter":0,"rootKey":"nvNLnFravp9uOu4dgTk1KSd5Ttm6sJ0ztg0tNQc6plw="},"indexInfo":{"baseKey":"Bf0HR24hyue63Jv/8QK6AkzJTG1ZYnUOO2a1OLI2CEFJ","baseKeyType":1,"closed":-1,"used":1684229003228,"created":1684229003228,"remoteIdentityKey":"BRarN5BwUZj0bVb+AZoUJLgDp6XfVOZAtyT80qo5ihEy"},"_chains":{"BQsYFIPcxLHysD6oY/V+6nNaLar93g3/4ooDAv0H284/":{"chainKey":{"counter":0,"key":"0yioDtWXY80IO2+RtFlxEBpgj6rSLi7m7n9cDtEeYhE="},"chainType":1,"messageKeys":{}}},"pendingPreKey":{"signedKeyId":6,"baseKey":"Bf0HR24hyue63Jv/8QK6AkzJTG1ZYnUOO2a1OLI2CEFJ","preKeyId":4482527}}},"version":"v1"}