{"_sessions":{"BdG84is/rEFF9WUzbNYMmPr7Ob/OvrZ9YMPIDltW2BMj":{"registrationId":110,"currentRatchet":{"ephemeralKeyPair":{"pubKey":"BdmQTmok8uIgwlm3WTvJIyle9JiJgqYrmIPwZszfnE5x","privKey":"ODtprQxJJ3c/1TP/yR5p1TQOkMU0/bu8H4BmONiyfUo="},"lastRemoteEphemeralKey":"BdO1b+Ix8rYl2VwyxJtQ8UDxtq2VAvHP8ReauASkQcsM","previousCounter":0,"rootKey":"ie9K7WlSVTEhwA5eseQC8x7HvJOSgIvJRjYYpoD1CUk="},"indexInfo":{"baseKey":"BdG84is/rEFF9WUzbNYMmPr7Ob/OvrZ9YMPIDltW2BMj","baseKeyType":1,"closed":-1,"used":1684229002876,"created":1684229002876,"remoteIdentityKey":"BQrfnvgof9vbXr/BzeEqoOYCt4x/Ub+d0Sbpife04Q1C"},"_chains":{"BdmQTmok8uIgwlm3WTvJIyle9JiJgqYrmIPwZszfnE5x":{"chainKey":{"counter":0,"key":"ij2uebFt5IZ0Ti/1q2OWbimQqjwgKFUtLNkwpDP1gdM="},"chainType":1,"messageKeys":{}}},"pendingPreKey":{"signedKeyId":1,"baseKey":"BdG84is/rEFF9WUzbNYMmPr7Ob/OvrZ9YMPIDltW2BMj"}}},"version":"v1"}