{"_sessions":{"BbpSU9vTwklO6p1YXnYx2vR+kgMwT77OIHs+VNncC4h0":{"registrationId":231611418,"currentRatchet":{"ephemeralKeyPair":{"pubKey":"BZlGZUKvwYdU2t6LpDMtF9U6pK1rBDbNRc9HHTgm5E1E","privKey":"mN1KqAAS3YCPYiwL9LW/ocD2EcgozBeAXG1APYvMZH8="},"lastRemoteEphemeralKey":"BbZiV5HorbK/WfQjFLdEk5vvZAzHJmWh9qqFMRczViV9","previousCounter":0,"rootKey":"O6x5qBlQpn8BKiAesjYT8Q7c4krfBDT28n2kM1AxKYs="},"indexInfo":{"baseKey":"BbpSU9vTwklO6p1YXnYx2vR+kgMwT77OIHs+VNncC4h0","baseKeyType":1,"closed":-1,"used":1684229003253,"created":1684229003253,"remoteIdentityKey":"Baoris3a1iQoyVZSywSRM6zSEiS6IEzGfdxglIsbgNs0"},"_chains":{"BZlGZUKvwYdU2t6LpDMtF9U6pK1rBDbNRc9HHTgm5E1E":{"chainKey":{"counter":0,"key":"iJanJewo9uzFxBItTC6KYdMtwX0WE33Wpd8chIKOEkQ="},"chainType":1,"messageKeys":{}}},"pendingPreKey":{"signedKeyId":1,"baseKey":"BbpSU9vTwklO6p1YXnYx2vR+kgMwT77OIHs+VNncC4h0"}}},"version":"v1"}