{"_sessions":{"BT7UO2QsOTjixOAYpIs9WcnkFZ7+Y3J7bJvCFVJTRlwh":{"registrationId":814449493,"currentRatchet":{"ephemeralKeyPair":{"pubKey":"BflALOGUd0Ktq9q7HfGRDUxKV+a+KI3TFl5v6CZiGQkq","privKey":"6JDoe26hpAHpP4IduRal1NF/kERuvjBqbhTDz2PvcWg="},"lastRemoteEphemeralKey":"BR35m5zR85VvvY4eyORpa+VQpw9lDgmDrFTysb4RLtoN","previousCounter":0,"rootKey":"tIEX0vaoSCt4+Nm9ipSoZ49WodvrgpBjF/j7MKVdu88="},"indexInfo":{"baseKey":"BT7UO2QsOTjixOAYpIs9WcnkFZ7+Y3J7bJvCFVJTRlwh","baseKeyType":1,"closed":-1,"used":1684229003275,"created":1684229003275,"remoteIdentityKey":"BdrVmao3lRagUYyML3Adr6F7CJY5ZazRM9rbPt9XS6ta"},"_chains":{"BflALOGUd0Ktq9q7HfGRDUxKV+a+KI3TFl5v6CZiGQkq":{"chainKey":{"counter":0,"key":"HsJ9hZxVpQnoa5JOzGgQbDfzPbajMmcLmSq6nnTPn6M="},"chainType":1,"messageKeys":{}}},"pendingPreKey":{"signedKeyId":2,"baseKey":"BT7UO2QsOTjixOAYpIs9WcnkFZ7+Y3J7bJvCFVJTRlwh"}}},"version":"v1"}