{"_sessions":{"BXRvC8Lm+wGl/jt/Ma2aCd0JGCCzb8HT379uKauRH8oA":{"registrationId":461954536,"currentRatchet":{"ephemeralKeyPair":{"pubKey":"BbDhiMbZpUzwrVPiMy3JB/C8YJduPuktRYn/QOKuEXIl","privKey":"GE2p4l1rGapnCh6oHB1e9506A51vyVqowSI5vXG6VXg="},"lastRemoteEphemeralKey":"BZeC+DmSm8rHYil+bMNehDOKy4C3TOxvWDaxpZ+Kcoh9","previousCounter":0,"rootKey":"0JJ/WYHOLLh1KCWlPOuERlTixy09tmArWCYrJSC+qKA="},"indexInfo":{"baseKey":"BXRvC8Lm+wGl/jt/Ma2aCd0JGCCzb8HT379uKauRH8oA","baseKeyType":1,"closed":-1,"used":1684229003281,"created":1684229003281,"remoteIdentityKey":"Ba3IsBJDiCovcQD0Hs9RqQ7X/Ql2/ahlLHysGT4BJ7El"},"_chains":{"BbDhiMbZpUzwrVPiMy3JB/C8YJduPuktRYn/QOKuEXIl":{"chainKey":{"counter":0,"key":"ULCfnE4vmDMS7apGJNYm7te2S6qj36ne1P1nFQWenRo="},"chainType":1,"messageKeys":{}}},"pendingPreKey":{"signedKeyId":1,"baseKey":"BXRvC8Lm+wGl/jt/Ma2aCd0JGCCzb8HT379uKauRH8oA","preKeyId":15051771}}},"version":"v1"}