{"_sessions":{"BRQ01rM+R+Fcr/npC+gpVV56UB1UxYhb7O826mlJuAhf":{"registrationId":565782087,"currentRatchet":{"ephemeralKeyPair":{"pubKey":"BWT+co5Gn6+lpoM6a2ZUHpcROFskbQy06ww7Di6bdAca","privKey":"MMvro/GeV4wXSY3E5xcsNYhiasYFww4K8ozMtc6yHmI="},"lastRemoteEphemeralKey":"BV4C6V1PADROhIHE85FoC2VDbujnveFFO6PXPnDJ22YO","previousCounter":0,"rootKey":"zBCpr0iWsLLWO7u3G8LPw4qFxdk6UM9CS04a/DC0VGY="},"indexInfo":{"baseKey":"BRQ01rM+R+Fcr/npC+gpVV56UB1UxYhb7O826mlJuAhf","baseKeyType":1,"closed":-1,"used":1684229003241,"created":1684229003241,"remoteIdentityKey":"BfrOvQRim/6YKHHzNHx8hPGpZIYQ3YsWoU51YJvHYlZ5"},"_chains":{"BWT+co5Gn6+lpoM6a2ZUHpcROFskbQy06ww7Di6bdAca":{"chainKey":{"counter":0,"key":"n9PZTwAjkDPIP/nDDTFLiuYpw7lWzXgporv7Jrzdf70="},"chainType":1,"messageKeys":{}}},"pendingPreKey":{"signedKeyId":1,"baseKey":"BRQ01rM+R+Fcr/npC+gpVV56UB1UxYhb7O826mlJuAhf","preKeyId":3008337}}},"version":"v1"}