{"_sessions":{"BZ7hJSdovsgGCO6A1A4MQsEPXZP0utqxX/ZkNrEknIYp":{"registrationId":124,"currentRatchet":{"ephemeralKeyPair":{"pubKey":"BaMPdmr1mJZ8BGfwlTXrD2bwxAzT5zRM25E5obx3FQpU","privKey":"AJAKTdwne8yRwZYTjeJygPml9gNfezr14SNvi8UX7Vw="},"lastRemoteEphemeralKey":"BbK1/zstt0itXhDtczW1BkruG9r2zHr/+WTenKihRSJW","previousCounter":0,"rootKey":"V8pFhP4TwS2Txdyq9Pe+axwVIi4BxXNK1k7m8eclklQ="},"indexInfo":{"baseKey":"BZ7hJSdovsgGCO6A1A4MQsEPXZP0utqxX/ZkNrEknIYp","baseKeyType":1,"closed":-1,"used":1684229002986,"created":1684229002986,"remoteIdentityKey":"BXkJslTOVIE6ZZNR96ZrUqPNpcnj4NtWkjQsVm52xiwB"},"_chains":{"BaMPdmr1mJZ8BGfwlTXrD2bwxAzT5zRM25E5obx3FQpU":{"chainKey":{"counter":0,"key":"f3OzFAfJho9IZxi5yPX4wTPWtrvF0Jz+suHbWxYeyHg="},"chainType":1,"messageKeys":{}}},"pendingPreKey":{"signedKeyId":1,"baseKey":"BZ7hJSdovsgGCO6A1A4MQsEPXZP0utqxX/ZkNrEknIYp"}}},"version":"v1"}