{"_sessions":{"BVJLz2VB2LBtMeT09+JEFC3CQAPrq+yPv5iKcZNOHxUA":{"registrationId":132915815,"currentRatchet":{"ephemeralKeyPair":{"pubKey":"Bf4oLyTNYpHE39cbP33eA0O7BC3ksZCMdskkZ5q93G13","privKey":"APvlnT0uAsHn3xJSkMikEmFfthQtPXK/CqanMnqddFk="},"lastRemoteEphemeralKey":"BRKtFSg8i+zCCKm7caEQV3cxsw2pq4D/cwqPhvRDWHxJ","previousCounter":0,"rootKey":"c3eKwU+C5E54q5Xd4buUOM9XAAk0SIXxIlhN9OA5SaA="},"indexInfo":{"baseKey":"BVJLz2VB2LBtMeT09+JEFC3CQAPrq+yPv5iKcZNOHxUA","baseKeyType":1,"closed":-1,"used":1684229003199,"created":1684229003199,"remoteIdentityKey":"BTg/BcnnMkyXGp0ClwC3+E3QewtzY6ExSj8fpFx4tkZ+"},"_chains":{"Bf4oLyTNYpHE39cbP33eA0O7BC3ksZCMdskkZ5q93G13":{"chainKey":{"counter":0,"key":"yFP1OP6hRWxkIrpYI1PJpPKqg6WuqeMN24JNT7h2RYA="},"chainType":1,"messageKeys":{}}},"pendingPreKey":{"signedKeyId":0,"baseKey":"BVJLz2VB2LBtMeT09+JEFC3CQAPrq+yPv5iKcZNOHxUA","preKeyId":15160518}}},"version":"v1"}