{"_sessions":{"BR+7Iq2tY02K4jHzm8LjGZV0AWjbBNaqz2yfJHnBhyNN":{"registrationId":416983345,"currentRatchet":{"ephemeralKeyPair":{"pubKey":"BR0rKjyW3cjt3YZ9jYgWraLcTJcoU/MoeZ7rvnzgSKkO","privKey":"6OOQFYlokPfsa3C9dimbumswMG5RZ86LVdtQXkadLkI="},"lastRemoteEphemeralKey":"Bfc88IIoYtGbK3z+uRUDLLtW2yDYBMcXoLgJzU+hK7Yn","previousCounter":0,"rootKey":"PUFs7ZsyG/mF8cX2FBmXuj2QJBHKy3JJpdwtm9A6m3k="},"indexInfo":{"baseKey":"BR+7Iq2tY02K4jHzm8LjGZV0AWjbBNaqz2yfJHnBhyNN","baseKeyType":1,"closed":-1,"used":1684229003192,"created":1684229003192,"remoteIdentityKey":"BdlcJGv4stNlJCFsqarkQqirX6cqR26SpGUpJsLrLehh"},"_chains":{"BR0rKjyW3cjt3YZ9jYgWraLcTJcoU/MoeZ7rvnzgSKkO":{"chainKey":{"counter":0,"key":"zFxXWpiS0hYRpFbF+hiYoxzzzO84lP3kfyFrdvevSTg="},"chainType":1,"messageKeys":{}}},"pendingPreKey":{"signedKeyId":3,"baseKey":"BR+7Iq2tY02K4jHzm8LjGZV0AWjbBNaqz2yfJHnBhyNN"}}},"version":"v1"}