{"_sessions":{"BagaDrpXXi//aXmIltOGS6h9ergf6nuKdbS5VsZH07ZP":{"registrationId":1046244888,"currentRatchet":{"ephemeralKeyPair":{"pubKey":"BWPmYfjpnc2ktWH391SdN6f0+lxMw2glLtzctHnoxGUO","privKey":"oG42BnF83e2Us4er7F5O10gET+fFvh6WabgdL/eetGQ="},"lastRemoteEphemeralKey":"BQ7bPc303m8SVy6K+pSFR/qrD96IQ6+wzplNzil22HZJ","previousCounter":0,"rootKey":"iyxNzqUWTvMvTSQawtpzW//GGEeUzapMrH66Gf/btwI="},"indexInfo":{"baseKey":"BagaDrpXXi//aXmIltOGS6h9ergf6nuKdbS5VsZH07ZP","baseKeyType":1,"closed":-1,"used":1684229003248,"created":1684229003248,"remoteIdentityKey":"Bc3gjtTqYsT1LSu8RTdWMBm8DEEc+uyFb/2QsPb+Xilp"},"_chains":{"BWPmYfjpnc2ktWH391SdN6f0+lxMw2glLtzctHnoxGUO":{"chainKey":{"counter":0,"key":"zQypsup6FX4znucekCo3hskgwE1vJVqXGeqAVV2foqY="},"chainType":1,"messageKeys":{}}},"pendingPreKey":{"signedKeyId":2,"baseKey":"BagaDrpXXi//aXmIltOGS6h9ergf6nuKdbS5VsZH07ZP","preKeyId":12710260}}},"version":"v1"}