{"_sessions":{"BXueMKeUUo/fwP6TogqP3cb6m1II5sCtqIak5n1KeAge":{"registrationId":2062648180,"currentRatchet":{"ephemeralKeyPair":{"pubKey":"BRvNezTXMhsscxxm776aI8Bv2AC1QRGwYiLvt9oCWNtl","privKey":"sGKx6igAMRs76DEvmg/gpWaRMym7BO/5ZioAKTHaIFw="},"lastRemoteEphemeralKey":"BdOcWGKMNlIQ2unFS4fHqV0VyoA92JShTurikqOXqPE4","previousCounter":0,"rootKey":"ph779mZrCFvTsWuEDGpg9aFiQ7tnGzAevmJZsJQiMLM="},"indexInfo":{"baseKey":"BXueMKeUUo/fwP6TogqP3cb6m1II5sCtqIak5n1KeAge","baseKeyType":1,"closed":-1,"used":1684229003250,"created":1684229003250,"remoteIdentityKey":"BWbxZ5gl3etPsZt16/xAi9lh+/2cY8IGaEKU8szVKe5Z"},"_chains":{"BRvNezTXMhsscxxm776aI8Bv2AC1QRGwYiLvt9oCWNtl":{"chainKey":{"counter":0,"key":"6chyqpciYTulc+HKYk9uy47eQEJg6U8EEvs6ZN48aG4="},"chainType":1,"messageKeys":{}}},"pendingPreKey":{"signedKeyId":2,"baseKey":"BXueMKeUUo/fwP6TogqP3cb6m1II5sCtqIak5n1KeAge","preKeyId":14635697}}},"version":"v1"}