{"_sessions":{"BSoT+QX4lT8aOSl0xF5g/+mQcWXbBJiiaArb03BKmcI8":{"registrationId":14604,"currentRatchet":{"ephemeralKeyPair":{"pubKey":"BWGc/TeR05Vj6kTXqKAGIUb+lvMC4LJywHeuAnpHCQJS","privKey":"0FPEt8222bq2gxC+4cAeutqF6/vvVkcz+crskCSc02k="},"lastRemoteEphemeralKey":"BctTVuX2d22R7z5O7lophC3/Ii7GZ4udXY8xYgsZorEC","previousCounter":0,"rootKey":"IioFUAZ3xJc4mXtW/dRauXQ2mVOfM56R+/ocOmTXAPw="},"indexInfo":{"baseKey":"BSoT+QX4lT8aOSl0xF5g/+mQcWXbBJiiaArb03BKmcI8","baseKeyType":1,"closed":-1,"used":1684229003159,"created":1684229003159,"remoteIdentityKey":"BdOQMNWgoShOM9k7EPV+a7pyIurPUbMHcF1WeMBzJxB9"},"_chains":{"BWGc/TeR05Vj6kTXqKAGIUb+lvMC4LJywHeuAnpHCQJS":{"chainKey":{"counter":0,"key":"BadDAd5SrunlRoZWBmZnhQv7kjoUTw8IEYT5s/DiNec="},"chainType":1,"messageKeys":{}}},"pendingPreKey":{"signedKeyId":1,"baseKey":"BSoT+QX4lT8aOSl0xF5g/+mQcWXbBJiiaArb03BKmcI8"}}},"version":"v1"}