{"_sessions":{"BfmsnuyQr+64/K1eo3WuUgGAtf9NSbU6AkZ9gX2anBR8":{"registrationId":1673937082,"currentRatchet":{"ephemeralKeyPair":{"pubKey":"BZftx88B8zGBYmvZmLytzrAvHWI24zmtHxrYksXO0Ehn","privKey":"mE4CoUdhWHnPdP5ouP7x6QJ9GbuL7cnFX3l1+Sb7ZlI="},"lastRemoteEphemeralKey":"BXwBoptuKg/6kibff8RsI4NBzZBFpylf6Fz2poJ4Yoos","previousCounter":0,"rootKey":"ucCG+LBUXRzXu70mBW2/ma2/Sxvg0SjVd+qLsv0lgns="},"indexInfo":{"baseKey":"BfmsnuyQr+64/K1eo3WuUgGAtf9NSbU6AkZ9gX2anBR8","baseKeyType":1,"closed":-1,"used":1684229003201,"created":1684229003201,"remoteIdentityKey":"BV5aRkzgL8k/LIdPzaM0+L2W6z3afJtUr9Kk4C+H+Qlt"},"_chains":{"BZftx88B8zGBYmvZmLytzrAvHWI24zmtHxrYksXO0Ehn":{"chainKey":{"counter":0,"key":"lcUBZh/WQD7GwHqCU1WZLOs8QLceRu4sYdf4vivopY8="},"chainType":1,"messageKeys":{}}},"pendingPreKey":{"signedKeyId":2,"baseKey":"BfmsnuyQr+64/K1eo3WuUgGAtf9NSbU6AkZ9gX2anBR8","preKeyId":5246986}}},"version":"v1"}