{"_sessions":{"BdL1NntIR59tLqK38YN3TkrYXaUZnLGHyatnfS2vMv0h":{"registrationId":1312914029,"currentRatchet":{"ephemeralKeyPair":{"pubKey":"BSEd368Yg9DM0ClbiWRLlzrW6TfgUaM8r1Phz2JCOOZa","privKey":"SKT0OGK15cpfzb6wAixrjw2QM5Yr7VaUouNscoT9VUI="},"lastRemoteEphemeralKey":"BWAiUaeyye+zoUXa3Ce2fSUHoGwdUnJFQRPbatzWQUFH","previousCounter":0,"rootKey":"nHYRbrLKys+k/Y+woNutaFkWkrm8x4oI3nB7EYFQa1E="},"indexInfo":{"baseKey":"BdL1NntIR59tLqK38YN3TkrYXaUZnLGHyatnfS2vMv0h","baseKeyType":1,"closed":-1,"used":1684229003260,"created":1684229003260,"remoteIdentityKey":"Bc1t2ldxxYwLUaczPWVSa6HT+YjhUPvadhRGJVSakN9Q"},"_chains":{"BSEd368Yg9DM0ClbiWRLlzrW6TfgUaM8r1Phz2JCOOZa":{"chainKey":{"counter":0,"key":"w5qTHDfCZp8EWUbHLJ53xsP3c6hTky+XIWmC4qNjzYQ="},"chainType":1,"messageKeys":{}}},"pendingPreKey":{"signedKeyId":1,"baseKey":"BdL1NntIR59tLqK38YN3TkrYXaUZnLGHyatnfS2vMv0h"}}},"version":"v1"}