{"_sessions":{"BQOpRhLZW1TJ7aFg+xBuVKoVcrON2KXdWEpOCR8yQrYo":{"registrationId":960786784,"currentRatchet":{"ephemeralKeyPair":{"pubKey":"BdSbSxPzFPUJtwdd39DRXePbICzArJD4xh5TaT3QjgEu","privKey":"oIcQc9JrmfG/3MXTS2xnrgR2lGG9SPdgn67xdf4yCEs="},"lastRemoteEphemeralKey":"BcCxasf8Xsg4Iik2qxWQ7S+bZtpNH5DgYHaHRQej7D1Z","previousCounter":0,"rootKey":"tE26J3bbmJ+zOZCy29lpjUwuf/iMrESjL2jJ9e6v6W4="},"indexInfo":{"baseKey":"BQOpRhLZW1TJ7aFg+xBuVKoVcrON2KXdWEpOCR8yQrYo","baseKeyType":1,"closed":-1,"used":1684229003237,"created":1684229003237,"remoteIdentityKey":"BSk6uBinuRbg+8LxpLtT2UFbY9XOc1QaAUFWAxXaxSF4"},"_chains":{"BdSbSxPzFPUJtwdd39DRXePbICzArJD4xh5TaT3QjgEu":{"chainKey":{"counter":0,"key":"luNz1JRyhJcJWZdAVJrHiJTMhYV/18Abpi6stYZHYcY="},"chainType":1,"messageKeys":{}}},"pendingPreKey":{"signedKeyId":0,"baseKey":"BQOpRhLZW1TJ7aFg+xBuVKoVcrON2KXdWEpOCR8yQrYo","preKeyId":1992817}}},"version":"v1"}