{"_sessions":{"Bbp5ZCXONEBN7wwRZaquNH9VBCKSikNhRZVkEastnq1Z":{"registrationId":887215100,"currentRatchet":{"ephemeralKeyPair":{"pubKey":"BTLWlVlYbzpP3A+mOztc7H5+2GZtzqmcU5VXTEGAyJY8","privKey":"ONklK7SUJGJk1h02ea5RFkcHl7qznCarGpKPoIPl50c="},"lastRemoteEphemeralKey":"Bc65bGLXZZfNRLSwZbROc3ljYGK4BMG396Ke2tJZ5g9W","previousCounter":0,"rootKey":"IWPLB6eLu27S3T3HyMUAdQm2PtwPQmTxCDfL/olGqLo="},"indexInfo":{"baseKey":"Bbp5ZCXONEBN7wwRZaquNH9VBCKSikNhRZVkEastnq1Z","baseKeyType":1,"closed":-1,"used":1684229003263,"created":1684229003263,"remoteIdentityKey":"BfA4qdpxy//qrSCdpM6cC0yQ8cxAVx4qWy+U7YBsfd8r"},"_chains":{"BTLWlVlYbzpP3A+mOztc7H5+2GZtzqmcU5VXTEGAyJY8":{"chainKey":{"counter":0,"key":"f/+ZAI+RLk5Fte+BioyXfvDAoorXQVELSPiB00IMOYU="},"chainType":1,"messageKeys":{}}},"pendingPreKey":{"signedKeyId":0,"baseKey":"Bbp5ZCXONEBN7wwRZaquNH9VBCKSikNhRZVkEastnq1Z"}}},"version":"v1"}