{"_sessions":{"BUzWPTbPS+05zaJ1RcNCff5Aw7SjCN1dslNPNuZomCtx":{"registrationId":3034,"currentRatchet":{"ephemeralKeyPair":{"pubKey":"BailgHWe2l9SpF5tIgwXKuZkARxm3rlvkhp/1qH9N0U3","privKey":"4MLHx9xp8saUay3p6jlVlb2aqJ7HtMeYXwU1ZjbCDW4="},"lastRemoteEphemeralKey":"BVoKAMrl55uWGOE8ms2CZamR73e+6Pi76nKh93uT2l0q","previousCounter":0,"rootKey":"3B8ZJXs1+vAV0iPYMcwbEP6rVX0/SEa0bH/jVnG24LU="},"indexInfo":{"baseKey":"BUzWPTbPS+05zaJ1RcNCff5Aw7SjCN1dslNPNuZomCtx","baseKeyType":1,"closed":-1,"used":1684229002984,"created":1684229002984,"remoteIdentityKey":"Bdw97oc3nGfTOuPlpnqaOunFmM+1w6n5NdFvTXFmG7EU"},"_chains":{"BailgHWe2l9SpF5tIgwXKuZkARxm3rlvkhp/1qH9N0U3":{"chainKey":{"counter":0,"key":"JpBTBjUSSKGSbZNuACN2w06057KG7QgO+KFPAMV4lEQ="},"chainType":1,"messageKeys":{}}},"pendingPreKey":{"signedKeyId":1,"baseKey":"BUzWPTbPS+05zaJ1RcNCff5Aw7SjCN1dslNPNuZomCtx"}}},"version":"v1"}