{"_sessions":{"Bd4FYvQvnhRLUOkla1KN/iQ77MbOBXGZV8+u0YDK0/g8":{"registrationId":154,"currentRatchet":{"ephemeralKeyPair":{"pubKey":"Bb5rAP65eQ78Ldk6Yku3geUgVvIST2g/R7B1IurWMbxN","privKey":"UH4ezJVxbAFym+C9iFZzuvcn2PwFW7c5y6KEOc+S2FM="},"lastRemoteEphemeralKey":"Bavwb6BNzSIWSy7AVH4McyRu88vPuxJSP645C+uIFaFw","previousCounter":0,"rootKey":"4UTOUxVHqgCUPyVJZB0dXNiudHpKKHSKoghfWgGeumk="},"indexInfo":{"baseKey":"Bd4FYvQvnhRLUOkla1KN/iQ77MbOBXGZV8+u0YDK0/g8","baseKeyType":1,"closed":-1,"used":1684229002877,"created":1684229002877,"remoteIdentityKey":"BWia8PYTOxRAlwJUB/KmPXC9cYIUZb/ZL/KkO8WlQwl9"},"_chains":{"Bb5rAP65eQ78Ldk6Yku3geUgVvIST2g/R7B1IurWMbxN":{"chainKey":{"counter":0,"key":"OyWXFpCeCHy5eTtRFma2wCM/TypigAELKxEckT/Mj5I="},"chainType":1,"messageKeys":{}}},"pendingPreKey":{"signedKeyId":1,"baseKey":"Bd4FYvQvnhRLUOkla1KN/iQ77MbOBXGZV8+u0YDK0/g8"}}},"version":"v1"}