{"_sessions":{"Be7fZXYwAxB4WuOp5P/F/BNLCOrLXhPJ2apSSGWwDmRj":{"registrationId":1405399698,"currentRatchet":{"ephemeralKeyPair":{"pubKey":"BT2WTZXy6qhO93KRIt3LzLXydTBbbNGo0+7LNpOB9vgo","privKey":"wDCSrtN0ytC6Aw3UY/RGozf5leh7qD3gJ88fQO9u+lk="},"lastRemoteEphemeralKey":"BT/tH1qurflh6HDvDo5r8Itx0QLj4UlBAHVFMZpLPCBF","previousCounter":0,"rootKey":"JI18qpWGgka462GWKPA7tlyZtNod0w1S8bbNU8MviMY="},"indexInfo":{"baseKey":"Be7fZXYwAxB4WuOp5P/F/BNLCOrLXhPJ2apSSGWwDmRj","baseKeyType":1,"closed":-1,"used":1684229003247,"created":1684229003247,"remoteIdentityKey":"BfTzLsthXL9ZBY1pMsAKhsohC0n3C0hBlUyRfH9ErVBX"},"_chains":{"BT2WTZXy6qhO93KRIt3LzLXydTBbbNGo0+7LNpOB9vgo":{"chainKey":{"counter":0,"key":"ouA8qfUbz0Wh6oRebYsuw7PYCqwueB69Fsm/sUeG6+s="},"chainType":1,"messageKeys":{}}},"pendingPreKey":{"signedKeyId":0,"baseKey":"Be7fZXYwAxB4WuOp5P/F/BNLCOrLXhPJ2apSSGWwDmRj"}}},"version":"v1"}