{"_sessions":{"BZ6ms388cj502P/Hba/GHDFD17Z36ZHGx7IA8bFs/fJI":{"registrationId":1524845484,"currentRatchet":{"ephemeralKeyPair":{"pubKey":"Baa6SAtkXpUNqyFUIvYHOKgxbSpgRrjN15YTdSWd9C43","privKey":"eMlS3Hz8c60VmOfZBc8xX++w0vRDPkLG7hosRSWYkE8="},"lastRemoteEphemeralKey":"BVgX6UvhVnBXSG7r2BQYgR1VF+KWXYSNaNh0izLQKttw","previousCounter":0,"rootKey":"Xtfcq2TG2MIlk68WDGAMZb6IXXreACDVFVarOyHPgG4="},"indexInfo":{"baseKey":"BZ6ms388cj502P/Hba/GHDFD17Z36ZHGx7IA8bFs/fJI","baseKeyType":1,"closed":-1,"used":1684229003284,"created":1684229003284,"remoteIdentityKey":"BTNUqhXH9uiEdO0gSua97rLvHMve6QbsHc4PpcdXUM8p"},"_chains":{"Baa6SAtkXpUNqyFUIvYHOKgxbSpgRrjN15YTdSWd9C43":{"chainKey":{"counter":0,"key":"AwpOnyTzWW7D5gabAoqEaRVdukmd0YjGbGPl77+/BpQ="},"chainType":1,"messageKeys":{}}},"pendingPreKey":{"signedKeyId":3,"baseKey":"BZ6ms388cj502P/Hba/GHDFD17Z36ZHGx7IA8bFs/fJI","preKeyId":6901444}}},"version":"v1"}