{"_sessions":{"BWp14uA0MgaHmMNHDgPx+yK4VAya9uZUYrrDeIFnXRYo":{"registrationId":130,"currentRatchet":{"ephemeralKeyPair":{"pubKey":"BfgrZOtiK64r/mHvKOwVuRV/iQOJc7lR/pWjIrYivFQK","privKey":"UKE9NGZ1N6uXZBf7vVB7OUaQlQ1zZuTYxbrqLnsFcVA="},"lastRemoteEphemeralKey":"BdJ7U/3VTDOV/TnCCPc+f7o0QawMy4CQ7GAFQL7ueB17","previousCounter":0,"rootKey":"8t1cbLp0SpqFYakJvDDkAbNUF2OodjkBVhE5G34I03s="},"indexInfo":{"baseKey":"BWp14uA0MgaHmMNHDgPx+yK4VAya9uZUYrrDeIFnXRYo","baseKeyType":1,"closed":-1,"used":1684229002949,"created":1684229002949,"remoteIdentityKey":"BTWH1CXu+UE8rzZXAxKalKuNDXS7YXa6Og+R1NM5HeZx"},"_chains":{"BfgrZOtiK64r/mHvKOwVuRV/iQOJc7lR/pWjIrYivFQK":{"chainKey":{"counter":0,"key":"/7Aq5decR66N4L+mQX7i624y8MHYQTenityDJ/j+P3I="},"chainType":1,"messageKeys":{}}},"pendingPreKey":{"signedKeyId":1,"baseKey":"BWp14uA0MgaHmMNHDgPx+yK4VAya9uZUYrrDeIFnXRYo"}}},"version":"v1"}