{"_sessions":{"BenxTZzy8zNf1vUPdp0Zmch5ZLLzycxauVlWFtmXep0D":{"registrationId":1252290056,"currentRatchet":{"ephemeralKeyPair":{"pubKey":"BdnwQNGzvX4ACOj9ky2iUKtQzCN1LIBzNABzlkJ04zkh","privKey":"ONug0ROXLST0mHukQjeLPqy66ZrprLM8mhMEVrzqKmU="},"lastRemoteEphemeralKey":"BUo+3c0XRuKbIyT/jE5TiI0yB0VFrx4nxHwZYW3Sd6Un","previousCounter":0,"rootKey":"B1Bmgm7l8LfvCZcYnYMUlkQWyXb4aBIf5fRUEWw8rJE="},"indexInfo":{"baseKey":"BenxTZzy8zNf1vUPdp0Zmch5ZLLzycxauVlWFtmXep0D","baseKeyType":1,"closed":-1,"used":1684229003229,"created":1684229003229,"remoteIdentityKey":"Bcq7ODkoOzBIp/ikAYOrYQ3OxH/LiHz0kHUgNLZYcxId"},"_chains":{"BdnwQNGzvX4ACOj9ky2iUKtQzCN1LIBzNABzlkJ04zkh":{"chainKey":{"counter":0,"key":"+r7tDDaIMZEgXxxnKl6PZnBT0XKUDNS3Pci5vBtsNPo="},"chainType":1,"messageKeys":{}}},"pendingPreKey":{"signedKeyId":1,"baseKey":"BenxTZzy8zNf1vUPdp0Zmch5ZLLzycxauVlWFtmXep0D","preKeyId":14027836}}},"version":"v1"}