{"_sessions":{"BV5ESWhkxCcjKTkqQAFVEfQ7ci7pgyIOuUW9mluSyoMM":{"registrationId":133,"currentRatchet":{"ephemeralKeyPair":{"pubKey":"BRCZMMCsF64Oj3S8kKrGxpH/AmoyMAd+sim0U3rQHGcY","privKey":"2DkHirNAsktuHSCT6VNFc0mGwjuSgbL1ZCOtqY12onw="},"lastRemoteEphemeralKey":"BW2KmqU/+JJTu4dekhNPpf54Ws7KoRrr4gIJUYVSOul6","previousCounter":0,"rootKey":"kpVJV7O3Hx/E+MtFpDtQjoWNF9jxQNHcdZzdBp5Pwpc="},"indexInfo":{"baseKey":"BV5ESWhkxCcjKTkqQAFVEfQ7ci7pgyIOuUW9mluSyoMM","baseKeyType":1,"closed":-1,"used":1684229002878,"created":1684229002878,"remoteIdentityKey":"BfYKNYzshuAtOKQc4TtyG5g2Z/lWck0r48nm8xWnyNAP"},"_chains":{"BRCZMMCsF64Oj3S8kKrGxpH/AmoyMAd+sim0U3rQHGcY":{"chainKey":{"counter":0,"key":"SjJiTG6CRXovGzJix5xEbK3Lx8z+9wFptV97F7J4G7M="},"chainType":1,"messageKeys":{}}},"pendingPreKey":{"signedKeyId":1,"baseKey":"BV5ESWhkxCcjKTkqQAFVEfQ7ci7pgyIOuUW9mluSyoMM"}}},"version":"v1"}