{"_sessions":{"BaQEspZJJKS7yuNUq16wFRF3gDmIw6lAZHSD70UyJCY5":{"registrationId":1222848314,"currentRatchet":{"ephemeralKeyPair":{"pubKey":"BeePH5zSWGAUerjsl16zUFUBL4G4UC8uYhCFmpJyH0l0","privKey":"KHJ4MI4qbYslxZpzc9+k5u3VRyTF/xp0UDCz0pouSWI="},"lastRemoteEphemeralKey":"BZDKc9ecXO7/MVosOgHbimS8xe7AdDWzuXM6WDd6mJAm","previousCounter":0,"rootKey":"W+2VzLyycn4Si5gSzbK18Smc95L3wNcBBgGbpL4CAU0="},"indexInfo":{"baseKey":"BaQEspZJJKS7yuNUq16wFRF3gDmIw6lAZHSD70UyJCY5","baseKeyType":1,"closed":-1,"used":1684229003201,"created":1684229003201,"remoteIdentityKey":"Bf5jDRv72CT4thpd9dbRPfgvt4t0dPltRecHmkbUkJsb"},"_chains":{"BeePH5zSWGAUerjsl16zUFUBL4G4UC8uYhCFmpJyH0l0":{"chainKey":{"counter":0,"key":"kxXPPneuay3I9t6i0IegiROOpy/mzsoCv6yq0slLFho="},"chainType":1,"messageKeys":{}}},"pendingPreKey":{"signedKeyId":2,"baseKey":"BaQEspZJJKS7yuNUq16wFRF3gDmIw6lAZHSD70UyJCY5"}}},"version":"v1"}