{"_sessions":{"BTh8nReqOTi9i+fkpd/Jzs/zB4Q2l9UXYNBzwzoNzcVH":{"registrationId":743411439,"currentRatchet":{"ephemeralKeyPair":{"pubKey":"BTLoTB4suqse9v6G9/JOEFdQEHdlz0RuKdBMeVwqY0tq","privKey":"WOF+q8JaUqdITsQjriMzAk8OXUDSiUAlfvjTFT90Dn0="},"lastRemoteEphemeralKey":"BRu0YZGfEHm4LKPYxkeVJ8J2Hm+3MRk12XstT0GjQdBM","previousCounter":0,"rootKey":"f9+dJJHYVRixoeO0ZOEU2mpdeX7vBYZ+m2cj2R4VLbU="},"indexInfo":{"baseKey":"BTh8nReqOTi9i+fkpd/Jzs/zB4Q2l9UXYNBzwzoNzcVH","baseKeyType":1,"closed":-1,"used":1684229189164,"created":1684229189164,"remoteIdentityKey":"BeCxXcxLWimm7+yza+0qsgOhJx5E74jcfItBvNu7hP5G"},"_chains":{"BTLoTB4suqse9v6G9/JOEFdQEHdlz0RuKdBMeVwqY0tq":{"chainKey":{"counter":28,"key":"tbOGt0GyI4/WGMHo66lv4hShVCUjdgUm2ONJQzQ/jR0="},"chainType":1,"messageKeys":{}}},"pendingPreKey":{"signedKeyId":11,"baseKey":"BTh8nReqOTi9i+fkpd/Jzs/zB4Q2l9UXYNBzwzoNzcVH","preKeyId":15625416}}},"version":"v1"}