{"_sessions":{"BaZdcWLhVWykEX66NdCSD9vX1086+zEriov6TORp0yEQ":{"registrationId":1490279818,"currentRatchet":{"ephemeralKeyPair":{"pubKey":"Baqxdecx7mYdMAT1QnQrmqKLCkEGGLalGfs5i/pvY8BA","privKey":"QJJXbiPJKNl3J5nqGA4oK0KUyFKZoEiFxWmf43jrvno="},"lastRemoteEphemeralKey":"BfxrncPUawRBr0uXpY1RVFv5YXwJ5bOgA9oMeCZQ1GM/","previousCounter":0,"rootKey":"zgkAdPINZmN0p3HcN02jAdllXucms444/+mkJQineLE="},"indexInfo":{"baseKey":"BaZdcWLhVWykEX66NdCSD9vX1086+zEriov6TORp0yEQ","baseKeyType":1,"closed":-1,"used":1684236090409,"created":1684236090409,"remoteIdentityKey":"Bf+qhencavGgI6rJdL9M71mrDHBYgkG+5wXysh7w+RF3"},"_chains":{"Baqxdecx7mYdMAT1QnQrmqKLCkEGGLalGfs5i/pvY8BA":{"chainKey":{"counter":0,"key":"YoWFRjIaOHlWsmirD/Wz0t/uYHA2eRkRL+FWWgUsk90="},"chainType":1,"messageKeys":{}}},"pendingPreKey":{"signedKeyId":0,"baseKey":"BaZdcWLhVWykEX66NdCSD9vX1086+zEriov6TORp0yEQ","preKeyId":11934897}}},"version":"v1"}