{"_sessions":{"BTZhgqrW9c8dK2fE24oqZ/qa7tpVg04f950Sm4nAFMkq":{"registrationId":2102758818,"currentRatchet":{"ephemeralKeyPair":{"pubKey":"BUFmSzK0TmTqDqWMdIW611/hnAvTJNAMjtoc0vuqiMZm","privKey":"CLnm7B20gzdttfyCR88C627ysS0+7DA+TB79wPlzTFo="},"lastRemoteEphemeralKey":"BeqaFR0JeCqHKkSQk1g3ls/xgVLkdEpSigYlnhuaPFZo","previousCounter":0,"rootKey":"0BOyC20c9jJtaokP4nu8b0m9V1/08qr6RfctIxn0qYI="},"indexInfo":{"baseKey":"BTZhgqrW9c8dK2fE24oqZ/qa7tpVg04f950Sm4nAFMkq","baseKeyType":1,"closed":-1,"used":1684229003222,"created":1684229003222,"remoteIdentityKey":"BXc3Q+Wfo2E9Lv+KOyatF+c137Ilg04gc3YiKY0Z7fVL"},"_chains":{"BUFmSzK0TmTqDqWMdIW611/hnAvTJNAMjtoc0vuqiMZm":{"chainKey":{"counter":0,"key":"6e4Wv7HCMap7I0HYu93kOPshoAtDCrGFlN/ctec/A44="},"chainType":1,"messageKeys":{}}},"pendingPreKey":{"signedKeyId":0,"baseKey":"BTZhgqrW9c8dK2fE24oqZ/qa7tpVg04f950Sm4nAFMkq"}}},"version":"v1"}