{"_sessions":{"BY+GEmTpqdtmSmuM/g+tbavL9eLaaJy/eEr3bkY96bpy":{"registrationId":1478444441,"currentRatchet":{"ephemeralKeyPair":{"pubKey":"BbfODyvQx0mxVtqKiN47c1azQD23FHlwXrJK63ODqbMH","privKey":"EGFtbOffkPv6cYq9Al2C0acIhseyq5yGZGtfvF/76mE="},"lastRemoteEphemeralKey":"Bftd7Tt6X24giiz4bURdhyRUF66LL1CqqQeb2L+LgUhl","previousCounter":0,"rootKey":"BZ83rakXCuX5mDgLMFtfgddylEmd+UvqycqGn3HfZHQ="},"indexInfo":{"baseKey":"BY+GEmTpqdtmSmuM/g+tbavL9eLaaJy/eEr3bkY96bpy","baseKeyType":1,"closed":-1,"used":1684229003226,"created":1684229003226,"remoteIdentityKey":"BS8wBJWjoqBYqZUzfTdjpdmgEdfx5HEXu64d93xX8ElC"},"_chains":{"BbfODyvQx0mxVtqKiN47c1azQD23FHlwXrJK63ODqbMH":{"chainKey":{"counter":0,"key":"folaRs2oxNMh88FoeKnr+ZNmjY9huI+Zp7TnCdeXnVU="},"chainType":1,"messageKeys":{}}},"pendingPreKey":{"signedKeyId":0,"baseKey":"BY+GEmTpqdtmSmuM/g+tbavL9eLaaJy/eEr3bkY96bpy"}}},"version":"v1"}