{"_sessions":{"BTnQ2sYuytqFD8jTp1oahx8KAp+xJCMzp+rcbdKaCcxV":{"registrationId":15795,"currentRatchet":{"ephemeralKeyPair":{"pubKey":"Bd1o+KOcMnfBlJV/GkQmFAjtpzAg32l8He2VMkB5nBJZ","privKey":"8L+yslGtg9P4GEBOcNswy20piulE5ne5ZjSVV3yBHU0="},"lastRemoteEphemeralKey":"BZ6t/dmxDjFpo8bsJBifYC259sS/tc1q64nETUmwYeNw","previousCounter":0,"rootKey":"hJaWZAe8Rs8RiFpNPpnfVXUmoCthYG+lJNu1YQUffyk="},"indexInfo":{"baseKey":"BTnQ2sYuytqFD8jTp1oahx8KAp+xJCMzp+rcbdKaCcxV","baseKeyType":1,"closed":-1,"used":1684229002915,"created":1684229002915,"remoteIdentityKey":"BUjWiqWKPBSNaUgraV3+lrbcwiBWhuVIezQsS28HMKNI"},"_chains":{"Bd1o+KOcMnfBlJV/GkQmFAjtpzAg32l8He2VMkB5nBJZ":{"chainKey":{"counter":0,"key":"zg2f2KCFv5G+Z4EgXGUsaL6mA+eWcAXeyR0BEFZKrRg="},"chainType":1,"messageKeys":{}}},"pendingPreKey":{"signedKeyId":1,"baseKey":"BTnQ2sYuytqFD8jTp1oahx8KAp+xJCMzp+rcbdKaCcxV","preKeyId":1004}}},"version":"v1"}