{"_sessions":{"BSs/HfVI14KZR7JZzmxMb9MoAFrYL7gGhjDRkiCEWX9l":{"registrationId":512212359,"currentRatchet":{"ephemeralKeyPair":{"pubKey":"BYafp+T7l4AiwQddcpCDv38bp74MhsMG1bd7dcglvxEA","privKey":"OA/+xXvpydnW6rhHptSf/JQhDs+4v0tfcY68W/dy/n8="},"lastRemoteEphemeralKey":"BXkxzdoGgiG3ZsUGeVPUptGVVrDd/nyntwuF8EKOwnNL","previousCounter":0,"rootKey":"fyHvRtJmyw3BsIvg10/OsEhObdvskq45g8dVCefliRs="},"indexInfo":{"baseKey":"BSs/HfVI14KZR7JZzmxMb9MoAFrYL7gGhjDRkiCEWX9l","baseKeyType":1,"closed":-1,"used":1684229003225,"created":1684229003225,"remoteIdentityKey":"BUG9E/+q/NvRshOmMRElQTQC3I7F+1/0QBW6OUhcFrE/"},"_chains":{"BYafp+T7l4AiwQddcpCDv38bp74MhsMG1bd7dcglvxEA":{"chainKey":{"counter":0,"key":"ry+RvzErVVGOk+5ANyqUWF5Rqq3DdXRs+JivY0PWJ6A="},"chainType":1,"messageKeys":{}}},"pendingPreKey":{"signedKeyId":1,"baseKey":"BSs/HfVI14KZR7JZzmxMb9MoAFrYL7gGhjDRkiCEWX9l","preKeyId":13228915}}},"version":"v1"}