{"_sessions":{"BdeHNfG80HxanU473xyt6zg+Rj59zTr5OdoMdTxSMXhT":{"registrationId":1748341965,"currentRatchet":{"ephemeralKeyPair":{"pubKey":"BSvU6yJ8V7Lw7thnyLwd0uk+rW30lCjgm4zu2aJ/TjkU","privKey":"ONqfkVjwsiRkpoexTfOpiee2swpFpQdea3v1IOArRHk="},"lastRemoteEphemeralKey":"BWIEbLeFfu/T5hKbrZqf1bNM7i7ASn7HXAbojWk0nylA","previousCounter":0,"rootKey":"AQrwn9WhSSteNB8RhQFG7u6I6uzWpqEU3pdp2Hy1oU8="},"indexInfo":{"baseKey":"BdeHNfG80HxanU473xyt6zg+Rj59zTr5OdoMdTxSMXhT","baseKeyType":1,"closed":-1,"used":1684229003194,"created":1684229003194,"remoteIdentityKey":"BZaveITK9XI50xHWFqGxq64QvzjTurATbOlsVF0ZF/wu"},"_chains":{"BSvU6yJ8V7Lw7thnyLwd0uk+rW30lCjgm4zu2aJ/TjkU":{"chainKey":{"counter":0,"key":"IPp8V6L65gvnLNCO4jCafhi/PSo6l6HI5cHdytFtQj0="},"chainType":1,"messageKeys":{}}},"pendingPreKey":{"signedKeyId":0,"baseKey":"BdeHNfG80HxanU473xyt6zg+Rj59zTr5OdoMdTxSMXhT"}}},"version":"v1"}