{"_sessions":{"BU8SikAzS6e++8e8plEc0vPfrRJAFQEMezhRvVph4klJ":{"registrationId":221,"currentRatchet":{"ephemeralKeyPair":{"pubKey":"Bbnp/Cg5w0KrhPV20Q98QJAuf3txIf1hUJ/FTk1Af/FZ","privKey":"YMGa4Wdtklh+ZiaVb+5FVEOyvx7fU8F+eeuXS+45Clw="},"lastRemoteEphemeralKey":"Bfk7Di7Vjf9F9ADZEKoj0V6DL3vQVyaouUcqSGEbjFZV","previousCounter":0,"rootKey":"9wqdaqgvBwW77LsVhYD+TGNV/Yd5FVNM77iehCArh6Y="},"indexInfo":{"baseKey":"BU8SikAzS6e++8e8plEc0vPfrRJAFQEMezhRvVph4klJ","baseKeyType":1,"closed":-1,"used":1684229003094,"created":1684229003094,"remoteIdentityKey":"BQsVgIzo3YS4KtLEzAv05Wbi02Hbwx/81oyg0TLyXZNI"},"_chains":{"Bbnp/Cg5w0KrhPV20Q98QJAuf3txIf1hUJ/FTk1Af/FZ":{"chainKey":{"counter":0,"key":"mEz2YMXsAwAYBMI9JlGARPUT1DA/VeLc0+G+z18KK9w="},"chainType":1,"messageKeys":{}}},"pendingPreKey":{"signedKeyId":1,"baseKey":"BU8SikAzS6e++8e8plEc0vPfrRJAFQEMezhRvVph4klJ"}}},"version":"v1"}