{"_sessions":{"BTV0RLs6qcb1yPaIYIWk6HkU2dyydiLCPSjpctBfS4wG":{"registrationId":1497549817,"currentRatchet":{"ephemeralKeyPair":{"pubKey":"BWKK/B/ni0I6Afqrq+X3FHZp7TVokT4Bk2gmMB538npE","privKey":"UNsP7roBKWk09q3rErNIxmnGaJepHg6ha85Lgmw4aWQ="},"lastRemoteEphemeralKey":"BSL6IbzrxACzkr5ul8I0WYuyxCQmLzpw6j2ZvvJLggwx","previousCounter":0,"rootKey":"twt4t5rW6Q0OAxw5FAAyE6iLH1DkavJjK6Zw5qkzkqI="},"indexInfo":{"baseKey":"BTV0RLs6qcb1yPaIYIWk6HkU2dyydiLCPSjpctBfS4wG","baseKeyType":1,"closed":-1,"used":1684236090393,"created":1684236090393,"remoteIdentityKey":"Bdj77xYqJ0MpFNrx1WPZ7eRmlhBqKkan/BYsgCEFT4pI"},"_chains":{"BWKK/B/ni0I6Afqrq+X3FHZp7TVokT4Bk2gmMB538npE":{"chainKey":{"counter":0,"key":"al/NsOEGJEuFjkgUTqitvLvIAys6ySiMjFvXWuSNnYo="},"chainType":1,"messageKeys":{}}},"pendingPreKey":{"signedKeyId":4,"baseKey":"BTV0RLs6qcb1yPaIYIWk6HkU2dyydiLCPSjpctBfS4wG","preKeyId":10227868}}},"version":"v1"}