{"_sessions":{"BUk6kZa8JQL8gcN7OuHTnPMSMkNrECWs9gzmr/HwnvhF":{"registrationId":1286531657,"currentRatchet":{"ephemeralKeyPair":{"pubKey":"BQ+KOw0Hb0hVcdu9TScntm4hpnzJCyJgfM3Y6Q+xV80c","privKey":"yHiYCTelO3U1lmcmjlIVqAzGJQ4sU60k7ygm7i6Mdlk="},"lastRemoteEphemeralKey":"BcQPrguWTarJ/v0sf+IcUXYQhrhGuk+9Z2jBhK4s1NRV","previousCounter":0,"rootKey":"/2/Ox/72HWwJhVERL0DmHix7ocWt8o4hRGbWRlngDLs="},"indexInfo":{"baseKey":"BUk6kZa8JQL8gcN7OuHTnPMSMkNrECWs9gzmr/HwnvhF","baseKeyType":1,"closed":-1,"used":1684229189159,"created":1684229189159,"remoteIdentityKey":"BYGO6TBvz2lftDkBXJmqYIxo2bUDsGQHD2F/o9aXeZoq"},"_chains":{"BQ+KOw0Hb0hVcdu9TScntm4hpnzJCyJgfM3Y6Q+xV80c":{"chainKey":{"counter":28,"key":"OQTvO9LxM+tbHjm9KrHFYA2qlOmKMosEfyRkiM/xkyY="},"chainType":1,"messageKeys":{}}},"pendingPreKey":{"signedKeyId":0,"baseKey":"BUk6kZa8JQL8gcN7OuHTnPMSMkNrECWs9gzmr/HwnvhF"}}},"version":"v1"}