{"_sessions":{"BSJssPYLDVm25eSy75yCR6IpEc2bUbh/XDclGNx/B5Uc":{"registrationId":814347584,"currentRatchet":{"ephemeralKeyPair":{"pubKey":"BQ8DSXMy+4i8nzVoaZfnS4AJquk9h6Qv/Tkbv22wgm8R","privKey":"IMQYi4V93WvbPrV1qBzD/yIL51bEOF+U4wuh65rLx0I="},"lastRemoteEphemeralKey":"BRIzN/YOQczVAvH9ZiCFoIhmgKSYQIkXB8KuIQuwmzda","previousCounter":0,"rootKey":"yrmUlMP0770pHUy27YbAIjHinV3PTMMYpRc02+xyl/U="},"indexInfo":{"baseKey":"BSJssPYLDVm25eSy75yCR6IpEc2bUbh/XDclGNx/B5Uc","baseKeyType":1,"closed":-1,"used":1684229003200,"created":1684229003200,"remoteIdentityKey":"BUFgAPhFFTMiR05nb5Ad3/ID/6u/ZHZWk8mCsCddzAwy"},"_chains":{"BQ8DSXMy+4i8nzVoaZfnS4AJquk9h6Qv/Tkbv22wgm8R":{"chainKey":{"counter":0,"key":"n+gmrQVEFt0AZmyYeioNIbLCF9EHy57u+Yusxl6Hinc="},"chainType":1,"messageKeys":{}}},"pendingPreKey":{"signedKeyId":1,"baseKey":"BSJssPYLDVm25eSy75yCR6IpEc2bUbh/XDclGNx/B5Uc","preKeyId":2455601}}},"version":"v1"}