{"_sessions":{"BXaoos7g5G8BnBF033D3I436LNAfrBBJi4MvHHKXJKR3":{"registrationId":1154299991,"currentRatchet":{"ephemeralKeyPair":{"pubKey":"BdVEZ/F5GfIBasLwYuBhN7m2hRMtCr1GcJFCYHgtvBwr","privKey":"2CjDbh92gI+eJCdbBJRHUk8+SNDG0IN73Fo3r74y9WM="},"lastRemoteEphemeralKey":"BXcVOh6SCJ4oVxiY0KKTjXi7GqjHB+PE/bF2sClBn+UI","previousCounter":0,"rootKey":"S8z5FzSxjsYACdFApGDpA3OT79tSU7BPojnfXguvhjM="},"indexInfo":{"baseKey":"BXaoos7g5G8BnBF033D3I436LNAfrBBJi4MvHHKXJKR3","baseKeyType":1,"closed":-1,"used":1684229003278,"created":1684229003278,"remoteIdentityKey":"BQwznqt66HYBxbOIyLhjwhTf47rraPrY55/1olXVsH0S"},"_chains":{"BdVEZ/F5GfIBasLwYuBhN7m2hRMtCr1GcJFCYHgtvBwr":{"chainKey":{"counter":0,"key":"x/gBDwf2bb8eAYKdz+ztZXcNZmNPP27G5SulGwOtaoE="},"chainType":1,"messageKeys":{}}},"pendingPreKey":{"signedKeyId":2,"baseKey":"BXaoos7g5G8BnBF033D3I436LNAfrBBJi4MvHHKXJKR3","preKeyId":4258444}}},"version":"v1"}