{"_sessions":{"BRm7GsRrp9R5GEzDxibU+l5Mp1cEdkaW9qGuOYI1KZZg":{"registrationId":989010162,"currentRatchet":{"ephemeralKeyPair":{"pubKey":"BcFrhUO/B38HJi6aFs9OpxfHLDVxkJ5JK8OvePEQ4u5n","privKey":"kH/RMBPE0TKF/7uuhtp6PzwIiWCj11GzNZCG6U56s04="},"lastRemoteEphemeralKey":"BXrXjDpj40/jkoCcDY7JIwgRTNo0Hp9S40zzZ2Gasv0r","previousCounter":0,"rootKey":"aQKMc3l13bPGgDkJqQ/7QXQKkQ7IPOz1SxF5XqM15Nc="},"indexInfo":{"baseKey":"BRm7GsRrp9R5GEzDxibU+l5Mp1cEdkaW9qGuOYI1KZZg","baseKeyType":1,"closed":-1,"used":1684236090388,"created":1684236090388,"remoteIdentityKey":"BUKVwLz8lGLuqS5Yrdal+lByb4NOmSWkCIFBaKLQwDZg"},"_chains":{"BcFrhUO/B38HJi6aFs9OpxfHLDVxkJ5JK8OvePEQ4u5n":{"chainKey":{"counter":0,"key":"lJjw76FfRONoOMjng2LsSlvP9UDBqi4bDBI43cG+ve0="},"chainType":1,"messageKeys":{}}},"pendingPreKey":{"signedKeyId":0,"baseKey":"BRm7GsRrp9R5GEzDxibU+l5Mp1cEdkaW9qGuOYI1KZZg","preKeyId":583340}}},"version":"v1"}