{"_sessions":{"BdejRed45lqqcBBzmE1twpxaHJw40uW5/DJeinbPdKp8":{"registrationId":992654596,"currentRatchet":{"ephemeralKeyPair":{"pubKey":"BTYceGwBsRX4Z3g3QeMBR/MqkSotTvYxPW6gjV+1hYU4","privKey":"0KHnTq9pKwoJt4xkLwFE9CEGx68i91jpIngxB4UTi1g="},"lastRemoteEphemeralKey":"Bfrb5g+9iBrUwbzcEA9eS5zR0MwxpqyVvVNqApuTG8ML","previousCounter":0,"rootKey":"iH53t6fm+ws0+l2UIJkeZwZuZkIWY3Fp3gXY5YYK/s0="},"indexInfo":{"baseKey":"BdejRed45lqqcBBzmE1twpxaHJw40uW5/DJeinbPdKp8","baseKeyType":1,"closed":-1,"used":1684229003267,"created":1684229003267,"remoteIdentityKey":"BQnMnjkiXaH0MHti0eFngPdXEE8FGeweVsyeysjKXb4X"},"_chains":{"BTYceGwBsRX4Z3g3QeMBR/MqkSotTvYxPW6gjV+1hYU4":{"chainKey":{"counter":0,"key":"s+PiovXh9FDmPA2kL2Ho5YbaWiNk7OGUKYSJ2OjMgOw="},"chainType":1,"messageKeys":{}}},"pendingPreKey":{"signedKeyId":4,"baseKey":"BdejRed45lqqcBBzmE1twpxaHJw40uW5/DJeinbPdKp8","preKeyId":15090590}}},"version":"v1"}