{"_sessions":{"BbRtodVwKhboYU4Cze6uDntRwrnDDLLMFRRZNB/lQ14e":{"registrationId":57,"currentRatchet":{"ephemeralKeyPair":{"pubKey":"BWOkmFdj+ljAZC0rtvY3krvNkX4D3Wd9Zx+DFudFBJsT","privKey":"oOGWZTl9TVLaxVbtl17PxccFDF4LwfWDU0EyNXuBrFg="},"lastRemoteEphemeralKey":"BXqpRcdMmljFMiUrng/wsXIcT0uxnXb+/8Y+04wGWJ9S","previousCounter":0,"rootKey":"laOWjLiOi1TYrjOuxmeIJHoQBmiF7BmrGqRRs6jbnBQ="},"indexInfo":{"baseKey":"BbRtodVwKhboYU4Cze6uDntRwrnDDLLMFRRZNB/lQ14e","baseKeyType":1,"closed":-1,"used":1684238477923,"created":1684238477923,"remoteIdentityKey":"BZ7+K7HUSkQDPRLJrqThibyPH8ovimpWLggUAsh+DEA0"},"_chains":{"BWOkmFdj+ljAZC0rtvY3krvNkX4D3Wd9Zx+DFudFBJsT":{"chainKey":{"counter":0,"key":"0AzirvJ940aBqCWG0ln+p6Tvc0EYhn12G4EHzTRYe+s="},"chainType":1,"messageKeys":{}}},"pendingPreKey":{"signedKeyId":1,"baseKey":"BbRtodVwKhboYU4Cze6uDntRwrnDDLLMFRRZNB/lQ14e","preKeyId":27}}},"version":"v1"}