{"_sessions":{"BSwam4yZzwDFwz9eqv05szUzO6ErwlpBYACdj4mEN2FY":{"registrationId":614546661,"currentRatchet":{"ephemeralKeyPair":{"pubKey":"BcMe4xKwd/nZFW3ERVpHh3hhb7zjiVE7Nwu9zHDrLVl1","privKey":"aCO4mfZkxG9GjJf5MROrgAH8hV/V/hGXM2pqkPtr/FY="},"lastRemoteEphemeralKey":"BRXI/me2JHMnrfhDyOxsqwtBYLCTrcIUIH5cz6GQGp0d","previousCounter":0,"rootKey":"FV8qls1rJM96yi5Cf7x5zCBes3HJkG0i7V2B7upVBRU="},"indexInfo":{"baseKey":"BSwam4yZzwDFwz9eqv05szUzO6ErwlpBYACdj4mEN2FY","baseKeyType":1,"closed":-1,"used":1684230197064,"created":1684229189162,"remoteIdentityKey":"Ba/3l+yPNiocivNw208cqN0whGu+paDQnAxpgBHcRpEl"},"_chains":{"BRXI/me2JHMnrfhDyOxsqwtBYLCTrcIUIH5cz6GQGp0d":{"chainKey":{"counter":0,"key":"NSURUvGH7ChZK7iEzKvnWTuyKEwqGRoJ0j2MngSoQgQ="},"chainType":2,"messageKeys":{}},"BcMe4xKwd/nZFW3ERVpHh3hhb7zjiVE7Nwu9zHDrLVl1":{"chainKey":{"counter":27,"key":"Aa4ix2DnJw3OkxuQAg31PsChyB0oqlKe/wBCdRrxpxk="},"chainType":1,"messageKeys":{}}}}},"version":"v1"}