{"_sessions":{"BT0SM/dVruaIj+JOvWPgSOm3iyK8wOzPUWfFYNfU85wU":{"registrationId":206,"currentRatchet":{"ephemeralKeyPair":{"pubKey":"BfPvvn8oDp1o5RVp5tQvCEmLSwoUojR+hRnUXIDi3HII","privKey":"0CDkfpleSVWbQPJT/Qww9JLfMTrfCQAaFU/0utkxgHM="},"lastRemoteEphemeralKey":"BcVlINljwNyASEguf/pV/18+65cgLU5UckLhHtOYyMkO","previousCounter":0,"rootKey":"/ZXpPT/JMMKZi10Eqh3PHvcpVnp2mNAlclbKnQXpSJc="},"indexInfo":{"baseKey":"BT0SM/dVruaIj+JOvWPgSOm3iyK8wOzPUWfFYNfU85wU","baseKeyType":1,"closed":-1,"used":1684229002885,"created":1684229002885,"remoteIdentityKey":"BQMpMMNk6Wq2VcqsmW76z19jzI154eB7CZQVKZAhmBUT"},"_chains":{"BfPvvn8oDp1o5RVp5tQvCEmLSwoUojR+hRnUXIDi3HII":{"chainKey":{"counter":0,"key":"uqs1RlzzS7DU3MA4J+YA+VgcTTJ7YZoVZI9utpw5Sy4="},"chainType":1,"messageKeys":{}}},"pendingPreKey":{"signedKeyId":1,"baseKey":"BT0SM/dVruaIj+JOvWPgSOm3iyK8wOzPUWfFYNfU85wU"}}},"version":"v1"}