{"_sessions":{"BQRyBJot1e54eEeMoMqaFRxU6mfANu44/k2Oz0+ZSPJb":{"registrationId":12436,"currentRatchet":{"ephemeralKeyPair":{"pubKey":"BeLn3KnK4ddiR5wqPf8GvrfPLAYz9Uackl/KCGUh6PZK","privKey":"cHooDWNQ7x1oEiSJ5f7cisucByDaxQ0wqBUtPeMCVXg="},"lastRemoteEphemeralKey":"BUx3L34FW2/oe4nxJpPlfVEy+Xmcm1jERKfY/42XYCA8","previousCounter":0,"rootKey":"67+q42k4mV8S5HYuttxq8M6ZGvVbl3vQtb56iTRg/KE="},"indexInfo":{"baseKey":"BQRyBJot1e54eEeMoMqaFRxU6mfANu44/k2Oz0+ZSPJb","baseKeyType":1,"closed":-1,"used":1684229003123,"created":1684229003123,"remoteIdentityKey":"BeyxRzHzJfqCPymXEClVF1O8cixQekx8I6Er94NckyoL"},"_chains":{"BeLn3KnK4ddiR5wqPf8GvrfPLAYz9Uackl/KCGUh6PZK":{"chainKey":{"counter":0,"key":"VrbrlIQBIUCkzCV55bRHlx8AupfsMeQ2Q5ECznuWX3M="},"chainType":1,"messageKeys":{}}},"pendingPreKey":{"signedKeyId":1,"baseKey":"BQRyBJot1e54eEeMoMqaFRxU6mfANu44/k2Oz0+ZSPJb","preKeyId":84}}},"version":"v1"}