{"_sessions":{"BVUnTOydmYQHdOP7DrcbKZqJArzkIj+nbnmmJrHi/qEm":{"registrationId":27,"currentRatchet":{"ephemeralKeyPair":{"pubKey":"BUAFMRPKNIgEWfHQmao0JWCttYuybmlGa9kAPoCTmDAo","privKey":"0I78Xg/PW5RgWQzZ5+j1FwBtm44jgRc/yxTbub9Rd2g="},"lastRemoteEphemeralKey":"BdB2/slD8opq3VWNlpAuuU8lGM4KjAy2mJ3ym/oB1ocu","previousCounter":0,"rootKey":"RaMqk/7QyzfIqD+TGFhIMMc0+JF+A01q3uo+pdIdSAs="},"indexInfo":{"baseKey":"BVUnTOydmYQHdOP7DrcbKZqJArzkIj+nbnmmJrHi/qEm","baseKeyType":1,"closed":-1,"used":1684229003013,"created":1684229003013,"remoteIdentityKey":"Bf6NbpMPBSq5fO21fOP291NP9aZyt5W7g5PXvst+t08O"},"_chains":{"BUAFMRPKNIgEWfHQmao0JWCttYuybmlGa9kAPoCTmDAo":{"chainKey":{"counter":0,"key":"4ysI+YAjnCRtfHFPh5xGYc+kslZYus3dYHiu+7j3Z0M="},"chainType":1,"messageKeys":{}}},"pendingPreKey":{"signedKeyId":1,"baseKey":"BVUnTOydmYQHdOP7DrcbKZqJArzkIj+nbnmmJrHi/qEm"}}},"version":"v1"}