{"_sessions":{"Bb/XJRJM8XrL5M5QlScB0Ku+P1X6WgHpAma/mocA4Al1":{"registrationId":137367723,"currentRatchet":{"ephemeralKeyPair":{"pubKey":"BS2MDwt66m8RM3BvNgt6XSio2p4gOtG+AODJOfX1BLpp","privKey":"YKHua+j7AfnNoA0s5OmIx+/0AwEcPkoon1a5drnrmUU="},"lastRemoteEphemeralKey":"BRZVdHaLvhEvYGYzMJGg17A1I3V9ii65YjXjKAqaMUAZ","previousCounter":0,"rootKey":"CRhodP5rt2Ko48SBDN5ns4QeT5tpFCCeYAiWMaoICkc="},"indexInfo":{"baseKey":"Bb/XJRJM8XrL5M5QlScB0Ku+P1X6WgHpAma/mocA4Al1","baseKeyType":1,"closed":-1,"used":1684237741064,"created":1684236090392,"remoteIdentityKey":"Bbl5+9ooMhZwCNoX44OfP/M6cZjPPkOm3fsfNgsK7vQN"},"_chains":{"BRqDBlMlO7qg46+6jzj5DIxmuaahk5pnoKPzVtRw29VI":{"chainKey":{"counter":2},"chainType":2,"messageKeys":{}},"BWldpVOtw2050lU4pEB2qBzdMM9++wmc0fpgOFfMwdo9":{"chainKey":{"counter":0},"chainType":2,"messageKeys":{}},"BRi3/F54s+4LvxTbgllDKcAm59RJ+1uBlMVslvaBrhs5":{"chainKey":{"counter":0},"chainType":2,"messageKeys":{}},"BXoJITe9w1mxMhE4kz4VJ6KIXiPbN8eiPiXqh18m1gUm":{"chainKey":{"counter":0},"chainType":2,"messageKeys":{}},"BdiklctX2LZiwmi2wGVT9d50Q40zVidF6cekInpPSWgP":{"chainKey":{"counter":0},"chainType":2,"messageKeys":{}},"BdA8ztCvl5FR6Y9rrVnJXDp1SEPFFCIfE6zo9z14X6Bz":{"chainKey":{"counter":0},"chainType":2,"messageKeys":{}},"BZGLRL7feFcaVztZVwineQYFZSTelI9HgoQ/CjpXB+Jd":{"chainKey":{"counter":0},"chainType":2,"messageKeys":{}},"BcPsbqmc5Q7VnXh1JWgwaiD/Ngf7r10D/vpae2+3Xj5O":{"chainKey":{"counter":0},"chainType":2,"messageKeys":{}},"Bd4FV5m+U6mBiiq1Ox14gA6uHqMddUAjOjO9TJeuAYlv":{"chainKey":{"counter":1},"chainType":2,"messageKeys":{}},"BWBZd9jdn2CE9ASHZupntJ6t4MPi2KCLWkeLQ7WIu0Q9":{"chainKey":{"counter":0},"chainType":2,"messageKeys":{}},"BRZVdHaLvhEvYGYzMJGg17A1I3V9ii65YjXjKAqaMUAZ":{"chainKey":{"counter":0,"key":"nfYnsx/AzrxvfI6JqgcCvWliq3T3nB5XAa2iP50ok00="},"chainType":2,"messageKeys":{}},"BS2MDwt66m8RM3BvNgt6XSio2p4gOtG+AODJOfX1BLpp":{"chainKey":{"counter":0,"key":"rcy4imXR52+ObRKliMhmPx4BeGBUHP6FtrtnmqbvNEw="},"chainType":1,"messageKeys":{}}}}},"version":"v1"}