{"_sessions":{"BWpbELN5KkOumidb1Sv70Agrqd+rVrkuUSvP7U/HF1Vv":{"registrationId":1593541127,"currentRatchet":{"ephemeralKeyPair":{"pubKey":"BVPb/Bkw9LnFmFjGbLu7xxLcWEylx+9KgXCPhU9XCEAD","privKey":"GBj7biwsObb941sz2+/JXgjM+3xK3DdEdKVDbtixIX4="},"lastRemoteEphemeralKey":"Ba4W4uTD57pH5vndDvYvhgQlvM4UCAhbwZh/D2Pv644/","previousCounter":0,"rootKey":"4xkqgSpPDYe3PuVLT1YGSh9XsAKiIBV1BuI+ORw84fQ="},"indexInfo":{"baseKey":"BWpbELN5KkOumidb1Sv70Agrqd+rVrkuUSvP7U/HF1Vv","baseKeyType":1,"closed":-1,"used":1684229003257,"created":1684229003257,"remoteIdentityKey":"BYGWvKSxdQ/NQxV15eiFeheKh+90H9woa48h89hIv2sT"},"_chains":{"BVPb/Bkw9LnFmFjGbLu7xxLcWEylx+9KgXCPhU9XCEAD":{"chainKey":{"counter":0,"key":"gfhcfXqdjtW6NbeaVHIYEyQ1S+fYLSgxdYzr2+XEtO8="},"chainType":1,"messageKeys":{}}},"pendingPreKey":{"signedKeyId":0,"baseKey":"BWpbELN5KkOumidb1Sv70Agrqd+rVrkuUSvP7U/HF1Vv","preKeyId":12090372}}},"version":"v1"}