{"_sessions":{"BTNeFp+sN0VusRsPgBNjPEkEAUYEop62aHoDByeO0cMh":{"registrationId":17923751,"currentRatchet":{"ephemeralKeyPair":{"pubKey":"BVr2RN41w8JrCXuVru8eh7qlJdygaLQy1siHy8jvsLdY","privKey":"KFyW65s7JsuswvxrAOz4kkf4iPTJrVI9VZeKGBqfQU8="},"lastRemoteEphemeralKey":"Ba/hgJFDNRgkDAsmlT4JS0Ckfdl6CwXlk4IZpVwlIzVg","previousCounter":0,"rootKey":"qjhNrSFuHvlLwbU/0qCppYfMJxAsOPm1IaEjcJlwsCQ="},"indexInfo":{"baseKey":"BTNeFp+sN0VusRsPgBNjPEkEAUYEop62aHoDByeO0cMh","baseKeyType":1,"closed":-1,"used":1684229003282,"created":1684229003282,"remoteIdentityKey":"BbnPGMLMs/4Ga2p/Z2lV3ScFy3w8BJBLcnu5t87jfrFb"},"_chains":{"BVr2RN41w8JrCXuVru8eh7qlJdygaLQy1siHy8jvsLdY":{"chainKey":{"counter":0,"key":"3xCjHl2di6tBX18jWj0IzzPC9nfGXwyWvdMGdYqS0Y0="},"chainType":1,"messageKeys":{}}},"pendingPreKey":{"signedKeyId":1,"baseKey":"BTNeFp+sN0VusRsPgBNjPEkEAUYEop62aHoDByeO0cMh","preKeyId":4418042}}},"version":"v1"}