{"_sessions":{"BQYGBTnjDNko5x/LFCDri+uHh7EpZFKjLrp0IFq2Uhoh":{"registrationId":761078592,"currentRatchet":{"ephemeralKeyPair":{"pubKey":"BYcjL6i+PzM4MGgulIrflOGFOjLn1ysS95OVgwpNGSUw","privKey":"YLNGglafmmuai8y4LssFW9gSK+uSCsmLqh2AGPZy/0Q="},"lastRemoteEphemeralKey":"BYldcC/JyUADvEd+L16oN7T9aufMDpAJB02QGOTISPEy","previousCounter":0,"rootKey":"DdLZWRRiPmF34KT9C7TYZMI8mE330mgzoWYANEpWOkw="},"indexInfo":{"baseKey":"BQYGBTnjDNko5x/LFCDri+uHh7EpZFKjLrp0IFq2Uhoh","baseKeyType":1,"closed":-1,"used":1684229003262,"created":1684229003262,"remoteIdentityKey":"BUwsTa8aPgzUqhLMsdUsXsirw/FzOd2jBtY6DCsED10E"},"_chains":{"BYcjL6i+PzM4MGgulIrflOGFOjLn1ysS95OVgwpNGSUw":{"chainKey":{"counter":0,"key":"l3xqQj5dJzqakwlxQoz423wsntiLfe0r6+GPD2Ya0bs="},"chainType":1,"messageKeys":{}}},"pendingPreKey":{"signedKeyId":1,"baseKey":"BQYGBTnjDNko5x/LFCDri+uHh7EpZFKjLrp0IFq2Uhoh","preKeyId":13166407}}},"version":"v1"}