{"_sessions":{"BYwYE2bZ8qsQQQYNFqcN5l/lvi+I6LRSL0kWa+B3Jbo6":{"registrationId":1827326775,"currentRatchet":{"ephemeralKeyPair":{"pubKey":"BV8LJNGXIjQ0Hjdr2wpy9lsq90QFkDhCpnGQEIyojTBq","privKey":"QC3UYVvL2PWVQ12dA0sb6NuqNgxlsxsMyuPw5nMbzk8="},"lastRemoteEphemeralKey":"BQVohshhPNBGS5rMwrRhRYJbqZqzBUhX4COq9s9tQR9s","previousCounter":0,"rootKey":"IkzdRISKIMSg8xnGPrFTlvyLw72tscHKhhkKjTuWYG4="},"indexInfo":{"baseKey":"BYwYE2bZ8qsQQQYNFqcN5l/lvi+I6LRSL0kWa+B3Jbo6","baseKeyType":1,"closed":-1,"used":1684229003203,"created":1684229003203,"remoteIdentityKey":"BXl6ulm/97w0OIll+3F0HaCCJINDjwMjR44Og9QvjS1W"},"_chains":{"BV8LJNGXIjQ0Hjdr2wpy9lsq90QFkDhCpnGQEIyojTBq":{"chainKey":{"counter":0,"key":"GiFpSj/Z3MtlZ1eMAP+kvp3Ji8nI+OS08YeGOr2E/V0="},"chainType":1,"messageKeys":{}}},"pendingPreKey":{"signedKeyId":1,"baseKey":"BYwYE2bZ8qsQQQYNFqcN5l/lvi+I6LRSL0kWa+B3Jbo6"}}},"version":"v1"}