{"_sessions":{"BUVXSAevQxmbXoS01XRMMd5LtMASTD1/gez8kG/gIqBK":{"registrationId":331736196,"currentRatchet":{"ephemeralKeyPair":{"pubKey":"BWiCMKWONg5bWVfYrwMNIzHZYF9zSsV7IxdXWDU80wpM","privKey":"AMWEAitYeKknm2KA3TiT0OI3W4Z13fUqvkGTOyZvhUo="},"lastRemoteEphemeralKey":"BfbTh896LmJM2R5qOYgr25KDuCOgzeTjTIfxbfSijjIH","previousCounter":0,"rootKey":"s3jTEs5Dg6Ivo3z2AcRgtT/JMT09hXfDgBzfP+Bd0wQ="},"indexInfo":{"baseKey":"BUVXSAevQxmbXoS01XRMMd5LtMASTD1/gez8kG/gIqBK","baseKeyType":1,"closed":-1,"used":1684229003196,"created":1684229003196,"remoteIdentityKey":"BUf4XeEzj2JTWL6TZOOJW9nVjYelNinQaxqFpfV9X58p"},"_chains":{"BWiCMKWONg5bWVfYrwMNIzHZYF9zSsV7IxdXWDU80wpM":{"chainKey":{"counter":0,"key":"J5O3My9lkQ9G+OOwy4hv330ojW192UZm4e4qreWLgSU="},"chainType":1,"messageKeys":{}}},"pendingPreKey":{"signedKeyId":0,"baseKey":"BUVXSAevQxmbXoS01XRMMd5LtMASTD1/gez8kG/gIqBK"}}},"version":"v1"}