{"_sessions":{"BZBccjgfwrm1l0XTvycXHIokaLrXkcB50h2Z21b6JnEr":{"registrationId":264409678,"currentRatchet":{"ephemeralKeyPair":{"pubKey":"BYgMLUg4lFGzp4Y7u07NG8MxjzhTdiat5Z0B4/6/4ARh","privKey":"yHOS5fzK54B2X2eJbyxUumhRCpQotJyf6YsQTc7x+nU="},"lastRemoteEphemeralKey":"Ba1FFTQ+lCGto6YBhLapulF6KrDVF9RzMqnj98WyEKZ2","previousCounter":0,"rootKey":"5P1CvKNipBFb/SlTimCzX/FnRsMBj8h5nblnoDQQl7I="},"indexInfo":{"baseKey":"BZBccjgfwrm1l0XTvycXHIokaLrXkcB50h2Z21b6JnEr","baseKeyType":1,"closed":-1,"used":1684229003276,"created":1684229003276,"remoteIdentityKey":"BYqMre5n2IjBIfh736iGn8tcaO6PxAltzsrlSymQ0KtU"},"_chains":{"BYgMLUg4lFGzp4Y7u07NG8MxjzhTdiat5Z0B4/6/4ARh":{"chainKey":{"counter":0,"key":"3hC7hVY4I7hVEianNqYtEuFhD0HSVv0czMOLOLSLcCk="},"chainType":1,"messageKeys":{}}},"pendingPreKey":{"signedKeyId":3,"baseKey":"BZBccjgfwrm1l0XTvycXHIokaLrXkcB50h2Z21b6JnEr","preKeyId":15859168}}},"version":"v1"}