{"_sessions":{"BXx1hqye50YiiXU2l0kGQiC2+T956+NbVZZf8rWSAltV":{"registrationId":15167,"currentRatchet":{"ephemeralKeyPair":{"pubKey":"BfNKhRLR/4GZeAKTLqP+uIMbO4+6KFRCYkt1EdgVBv5W","privKey":"cHxO1hCqnriNHtkpAq4Fk612sSb+2OaZNEbidFh1T2E="},"lastRemoteEphemeralKey":"BU7HYAZi1NmNKsHGQ62c5dnkCBCHTrkVjb2Ac+X0DhVV","previousCounter":0,"rootKey":"hMcdpWlW0LCyr87F4mz4Jmqd634LhzKhHCgY/sIwUZ8="},"indexInfo":{"baseKey":"BXx1hqye50YiiXU2l0kGQiC2+T956+NbVZZf8rWSAltV","baseKeyType":1,"closed":-1,"used":1684229002887,"created":1684229002887,"remoteIdentityKey":"BdD7Vg0PS0N4wM46Qarti5mbrBAL/BcPhXaoTCIxD6Mx"},"_chains":{"BfNKhRLR/4GZeAKTLqP+uIMbO4+6KFRCYkt1EdgVBv5W":{"chainKey":{"counter":0,"key":"CV86YVm4mkxH+nUXx2nZSOAFRGMn+QkCa5bpN+/drDw="},"chainType":1,"messageKeys":{}}},"pendingPreKey":{"signedKeyId":1,"baseKey":"BXx1hqye50YiiXU2l0kGQiC2+T956+NbVZZf8rWSAltV"}}},"version":"v1"}