{"_sessions":{"BS9AUAUtV+Z6Ib3xIljY3lkd0IPKdpyZ/JQFPWxDXS5m":{"registrationId":2059781507,"currentRatchet":{"ephemeralKeyPair":{"pubKey":"BanCI1RdmLe0u3sP875ZzxfkRgBWvEP2nabQ5s80pOFW","privKey":"6J5qF4Ya6UBZObmTskYIxQg1k7o4bMVql8qFaGZ8Ukg="},"lastRemoteEphemeralKey":"BWFChoqgwLUFiu72WQlisB15Rfi0MdrNoSJNIQ6mCdV4","previousCounter":0,"rootKey":"w+oS1GGsJm+z0dI/2U4ytdvEugTx6/+o7NeT3xLbAaw="},"indexInfo":{"baseKey":"BS9AUAUtV+Z6Ib3xIljY3lkd0IPKdpyZ/JQFPWxDXS5m","baseKeyType":1,"closed":-1,"used":1684229003234,"created":1684229003234,"remoteIdentityKey":"BWXEqYenc+wGGRwtfF1+JrPp2B+/WN/wycm9CZV8yu0Q"},"_chains":{"BanCI1RdmLe0u3sP875ZzxfkRgBWvEP2nabQ5s80pOFW":{"chainKey":{"counter":0,"key":"2Fvf41BkbrxNqGeOJsUTg81vjBaPEM7gtZCwtJBku8E="},"chainType":1,"messageKeys":{}}},"pendingPreKey":{"signedKeyId":1,"baseKey":"BS9AUAUtV+Z6Ib3xIljY3lkd0IPKdpyZ/JQFPWxDXS5m","preKeyId":14397160}}},"version":"v1"}