{"_sessions":{"BSYwAreYrgIjLzmWEcksnvTtLcXC+mUpfLMzfhdADIVC":{"registrationId":126,"currentRatchet":{"ephemeralKeyPair":{"pubKey":"BRUbU0D2mZV7/YQAbrOELuTwc6Jid8MoRJFN9DFoa69U","privKey":"WFT497FQPv4Jonumv1H84xbDiNPpzgHdFhqWb/l1y2I="},"lastRemoteEphemeralKey":"BVDl3N4ouHEbJBKJGXDOm/zV63H77O7qgGVmg2drnEMG","previousCounter":0,"rootKey":"C4D9aqqRGfCoR8nniglNLbDACzGGFcHwjdxuFhdGTiw="},"indexInfo":{"baseKey":"BSYwAreYrgIjLzmWEcksnvTtLcXC+mUpfLMzfhdADIVC","baseKeyType":1,"closed":-1,"used":1684229002884,"created":1684229002884,"remoteIdentityKey":"BdYGgtqW8yDkIEnFMTQtXMq9aDEVY5qtiHcCusXVMGVb"},"_chains":{"BRUbU0D2mZV7/YQAbrOELuTwc6Jid8MoRJFN9DFoa69U":{"chainKey":{"counter":0,"key":"fjzyzfGQlUNnVtEnPqeuRrfCkknaiyGrja4HHgqcFtw="},"chainType":1,"messageKeys":{}}},"pendingPreKey":{"signedKeyId":1,"baseKey":"BSYwAreYrgIjLzmWEcksnvTtLcXC+mUpfLMzfhdADIVC"}}},"version":"v1"}