{"_sessions":{"BXrLy/b/nvviy3y5Dq1PVfjIxM07Cn3soCsu3xGGeop8":{"registrationId":57,"currentRatchet":{"ephemeralKeyPair":{"pubKey":"Bb0BELQx6YmenXf7yLWFS0aAeHW8fnXyZpCeg3TwhvhS","privKey":"YH28e2zhsVKRjFTEAPQNNQJ8aU54SBZI2wfCfNHohl8="},"lastRemoteEphemeralKey":"BYsuV6IBFlTSBxrgBGMK8n0EaSIUcZX+Vhl7hrM57e5X","previousCounter":0,"rootKey":"oa1quvGIRF25hqbWUQwqDa19R9CUAo+e4rr30hNNY8k="},"indexInfo":{"baseKey":"BXrLy/b/nvviy3y5Dq1PVfjIxM07Cn3soCsu3xGGeop8","baseKeyType":1,"closed":-1,"used":1684238477912,"created":1684238477912,"remoteIdentityKey":"BZagj0ZguW5XibPXuTri6qeLehpJGJZmWqJWKK8Ofhw5"},"_chains":{"Bb0BELQx6YmenXf7yLWFS0aAeHW8fnXyZpCeg3TwhvhS":{"chainKey":{"counter":0,"key":"AFBRNOCD0+dCQsINJ3macLI0F0J9mrYt/hkYmWakdo8="},"chainType":1,"messageKeys":{}}},"pendingPreKey":{"signedKeyId":1,"baseKey":"BXrLy/b/nvviy3y5Dq1PVfjIxM07Cn3soCsu3xGGeop8"}}},"version":"v1"}