{"_sessions":{"BScvPEaKpHsJg6y8HYhiYyKUSHFCI6crc0pWE+geTKAN":{"registrationId":94,"currentRatchet":{"ephemeralKeyPair":{"pubKey":"BZs3PbLeoPI4zd07OCLA3ejt38fydEELvHKyu+qraBQ2","privKey":"2Cg/OSyYsiuvIzkrsegs1KtMQ47E4RLJ56SHHZHMomQ="},"lastRemoteEphemeralKey":"BenWejJWPBKJXh5sdz54QYxKEGAArCrMrBZNHSwviPFH","previousCounter":0,"rootKey":"BdX7tB2Sbd2O+VTRAMSKnRX1q3iyzIlsCRQEa7HR/PI="},"indexInfo":{"baseKey":"BScvPEaKpHsJg6y8HYhiYyKUSHFCI6crc0pWE+geTKAN","baseKeyType":1,"closed":-1,"used":1684229002987,"created":1684229002987,"remoteIdentityKey":"BfEoEqdPlBuYs2Qc6eDNbmd5b1pYj7NS4cdBGBLXsaVF"},"_chains":{"BZs3PbLeoPI4zd07OCLA3ejt38fydEELvHKyu+qraBQ2":{"chainKey":{"counter":0,"key":"0nJJ6gjjZkUvqLWRO3x/oue/CHCGpqUFOlDM31dapsg="},"chainType":1,"messageKeys":{}}},"pendingPreKey":{"signedKeyId":1,"baseKey":"BScvPEaKpHsJg6y8HYhiYyKUSHFCI6crc0pWE+geTKAN"}}},"version":"v1"}