{"_sessions":{"BWdD9yDWJxqWayx1RPONnVUCux07FNYDv/jxSCc78dMp":{"registrationId":1206899463,"currentRatchet":{"ephemeralKeyPair":{"pubKey":"BQ2Z1fydkB5iJRVplobbXBola0QxoqoTjryyEey2goxU","privKey":"mIUxHS1zh9HwFZ7eZ98nZKW6UFk55QZNFoWWaV4Y5nQ="},"lastRemoteEphemeralKey":"BXgtHT2bSntS5bDYzmAQoRLVKkbn8kDIh7juWAof4Qpd","previousCounter":0,"rootKey":"QAip7b2FEXwZjibY7iuKneX1zwLjJ4sXPjspHSRlymQ="},"indexInfo":{"baseKey":"BWdD9yDWJxqWayx1RPONnVUCux07FNYDv/jxSCc78dMp","baseKeyType":1,"closed":-1,"used":1684229003248,"created":1684229003248,"remoteIdentityKey":"BXfVpmrF5I4UmwzowK02qyZQ0VTQXkScKRrjgFVNEMFx"},"_chains":{"BQ2Z1fydkB5iJRVplobbXBola0QxoqoTjryyEey2goxU":{"chainKey":{"counter":0,"key":"nZEyW1PZaQgGdnJ62co5neM+y+f74ucD2kxSd5VwAJc="},"chainType":1,"messageKeys":{}}},"pendingPreKey":{"signedKeyId":11,"baseKey":"BWdD9yDWJxqWayx1RPONnVUCux07FNYDv/jxSCc78dMp"}}},"version":"v1"}