{"_sessions":{"BfQb5yNrpH9Rl8qG/HIp5i9iRJ3ThXB8DApxGFVUwqhr":{"registrationId":1308421851,"currentRatchet":{"ephemeralKeyPair":{"pubKey":"BVwgqRPnqlfy8jZYzOyc19PkLMYF45xEFCdlwfQcNsAR","privKey":"iP+I0H/h2g+VirPX4xFW8KwENl6RRF2SHo/+k0tP13Q="},"lastRemoteEphemeralKey":"BdxRM1v5kccg7aZniBndPGLakRwu4S2KtaZePMO4cy0o","previousCounter":0,"rootKey":"FCKPYSWcBC3CTL/8lMZzF2gpjRkTnszAulZzWUs5Pzk="},"indexInfo":{"baseKey":"BfQb5yNrpH9Rl8qG/HIp5i9iRJ3ThXB8DApxGFVUwqhr","baseKeyType":1,"closed":-1,"used":1684229189157,"created":1684229189157,"remoteIdentityKey":"BffWbVp7Z9zvZWDq9fKTpD3Dt4L4Xo/V1BZ7RKYxtGQs"},"_chains":{"BVwgqRPnqlfy8jZYzOyc19PkLMYF45xEFCdlwfQcNsAR":{"chainKey":{"counter":28,"key":"bV3aJnq59Z1YzfnL10wZcKA9NZHrdLvA0IMVVfI2KDE="},"chainType":1,"messageKeys":{}}},"pendingPreKey":{"signedKeyId":24,"baseKey":"BfQb5yNrpH9Rl8qG/HIp5i9iRJ3ThXB8DApxGFVUwqhr","preKeyId":5071193}}},"version":"v1"}