{"_sessions":{"BVzaaZX1hmv5TqBnnLDe8xjBoaDMHh7k/WO9Ovt6PqZa":{"registrationId":520640090,"currentRatchet":{"ephemeralKeyPair":{"pubKey":"BQ/ukBvYo6sbTrtS3IcbqDvVLVx7ZFf2kCHKS/vB8Ccd","privKey":"cIZDLn5YyaW3QxKzrAIn38z2fMg4+cHqCuC15WkWe2w="},"lastRemoteEphemeralKey":"BV1pZLVxaoSrZPnpsT6d7tXOUpKaqzYE9Pd1+pE/rYBu","previousCounter":0,"rootKey":"7pPiCU5dmFg4g+b6P3UvTqFVnmx6ceLPNRusbnoxPlM="},"indexInfo":{"baseKey":"BVzaaZX1hmv5TqBnnLDe8xjBoaDMHh7k/WO9Ovt6PqZa","baseKeyType":1,"closed":-1,"used":1684229003197,"created":1684229003197,"remoteIdentityKey":"BdZvlgnnteotBXHSfylZn6pGlte/lbHT750r7RB9yGVG"},"_chains":{"BQ/ukBvYo6sbTrtS3IcbqDvVLVx7ZFf2kCHKS/vB8Ccd":{"chainKey":{"counter":0,"key":"X+Ouhs39vy4m5q17ug6Z0uIY1Zu0Zju19hBSnP/3w4A="},"chainType":1,"messageKeys":{}}},"pendingPreKey":{"signedKeyId":0,"baseKey":"BVzaaZX1hmv5TqBnnLDe8xjBoaDMHh7k/WO9Ovt6PqZa","preKeyId":153817}}},"version":"v1"}