{"_sessions":{"BUhwcPp0KzrY++2cpTfBV8XmHUsJOMwXkqiKBM0NcVQ+":{"registrationId":527301362,"currentRatchet":{"ephemeralKeyPair":{"pubKey":"BTGWXmpKoZ6b/IjBE+jfu0QLuYp3R9J26d7sHOZbVBZW","privKey":"2JmIjb794OcoZEcS8wnAFEhz31PlVD9J6vCt2kIudFU="},"lastRemoteEphemeralKey":"BVjGPw5Oj93b4Zux5ZbUNDDxkhXH4cpimQdpFt9Hd85i","previousCounter":0,"rootKey":"kbG/a/8VpijyDCtFlHncLTmiCJmIDtNG3vE0EqxLWys="},"indexInfo":{"baseKey":"BUhwcPp0KzrY++2cpTfBV8XmHUsJOMwXkqiKBM0NcVQ+","baseKeyType":1,"closed":-1,"used":1684229003191,"created":1684229003191,"remoteIdentityKey":"BQVqEGB50G67jeDPAPRxK8SdjDeqE3LVeVer7kmWUrwD"},"_chains":{"BTGWXmpKoZ6b/IjBE+jfu0QLuYp3R9J26d7sHOZbVBZW":{"chainKey":{"counter":0,"key":"3VITwl5+G2V8gfugCDVYPh3eYUAVVZ4DN0uzppUDZ/c="},"chainType":1,"messageKeys":{}}},"pendingPreKey":{"signedKeyId":0,"baseKey":"BUhwcPp0KzrY++2cpTfBV8XmHUsJOMwXkqiKBM0NcVQ+","preKeyId":3130522}}},"version":"v1"}