{"_sessions":{"BVY+7FPni8YhrxAFBF/beZad7wxihEHK/sEcmA7KcCJ8":{"registrationId":241,"currentRatchet":{"ephemeralKeyPair":{"pubKey":"BXUqjNRUZ+bch3sN/633YWQRwIqLLTHVNlyiXFbyGTt8","privKey":"SGwPuCHGG0VrO0a5MUdSRvaewxWwfF2YCgnhyNvPYXE="},"lastRemoteEphemeralKey":"Baa1LIbXXACDRLm8D/WJiQovL5EizQz+HML4icg1MKk/","previousCounter":0,"rootKey":"yPYEAHMoRxpA4nnAOZKwCtKzOzZyCXjDi75WzJQoaG0="},"indexInfo":{"baseKey":"BVY+7FPni8YhrxAFBF/beZad7wxihEHK/sEcmA7KcCJ8","baseKeyType":1,"closed":-1,"used":1684229003149,"created":1684229003149,"remoteIdentityKey":"BTOELffdPCX1OTK3wlX2RsjnqPpBc4O0RsuwOwN4iIYq"},"_chains":{"BXUqjNRUZ+bch3sN/633YWQRwIqLLTHVNlyiXFbyGTt8":{"chainKey":{"counter":0,"key":"40+s9xwRLdl4lJxQZynQxYHf7tyaSkGqM+90Yeb6yHI="},"chainType":1,"messageKeys":{}}},"pendingPreKey":{"signedKeyId":1,"baseKey":"BVY+7FPni8YhrxAFBF/beZad7wxihEHK/sEcmA7KcCJ8"}}},"version":"v1"}