{"_sessions":{"BW8KI2dwesWx6D2HvRy9ircsysHFlm+GUGyXbXTuIRFg":{"registrationId":500030351,"currentRatchet":{"ephemeralKeyPair":{"pubKey":"Bf/VjpUFRLb+xbuVc4Yf9qBFskAEmQTqufTnClr9gqdI","privKey":"yHa00FuT+nrWYSHXhIPd8+Zr1NeaKcVTRl6MIU6nq0o="},"lastRemoteEphemeralKey":"Bfx7enem0glrtSjFHVhzmZ5713/0CdW1+MH8nyqCCSci","previousCounter":0,"rootKey":"vKOskH/Dm1iSc6eOXsL0nxPPgUSIePeSko0VVtMRtfo="},"indexInfo":{"baseKey":"BW8KI2dwesWx6D2HvRy9ircsysHFlm+GUGyXbXTuIRFg","baseKeyType":1,"closed":-1,"used":1684229003251,"created":1684229003251,"remoteIdentityKey":"BdQW4+OqXqPgPZvqy5SgMjD3dJ7tSFwlQ8yjsWU0TNIO"},"_chains":{"Bf/VjpUFRLb+xbuVc4Yf9qBFskAEmQTqufTnClr9gqdI":{"chainKey":{"counter":0,"key":"Yuv0zuJSG/ts5ThjPfIuGAkkGwADVobEUemJVEWTQuo="},"chainType":1,"messageKeys":{}}},"pendingPreKey":{"signedKeyId":0,"baseKey":"BW8KI2dwesWx6D2HvRy9ircsysHFlm+GUGyXbXTuIRFg","preKeyId":5369794}}},"version":"v1"}