{"_sessions":{"BYXnwALh3pQq/G8EYZA5Z5r5wmJygln3qMcz1KC+v5V5":{"registrationId":274487430,"currentRatchet":{"ephemeralKeyPair":{"pubKey":"BWvsq5I4g3cDHUbeUXcQQQRuxsneUOT3Rnd+1yUMnIha","privKey":"8OcEa8Nt0ocuIKlZUAE/YJHsCFZyU5s+c4xxwpyaD1Q="},"lastRemoteEphemeralKey":"BabpahfejIR/D4wKDKcN0qyBapBKcg0+2GtMoacjSjtQ","previousCounter":0,"rootKey":"RkXoJRfikVg+HBwcwA1JHPxlqxcKIZGwE/v0V/I1Bf0="},"indexInfo":{"baseKey":"BYXnwALh3pQq/G8EYZA5Z5r5wmJygln3qMcz1KC+v5V5","baseKeyType":1,"closed":-1,"used":1684229189163,"created":1684229189163,"remoteIdentityKey":"BbCtQpyfkNt33GPinjjW3WaiYvyBl7FEg11rftKDZnop"},"_chains":{"BWvsq5I4g3cDHUbeUXcQQQRuxsneUOT3Rnd+1yUMnIha":{"chainKey":{"counter":28,"key":"GAjUiTzSF2igz345DbgjUDAmO3/60V2KgEvJZyIsgrg="},"chainType":1,"messageKeys":{}}},"pendingPreKey":{"signedKeyId":1,"baseKey":"BYXnwALh3pQq/G8EYZA5Z5r5wmJygln3qMcz1KC+v5V5","preKeyId":5701128}}},"version":"v1"}