{"_sessions":{"BZYLV/JULyXuuq7aAtDZ/PmdjVlRKlqEQZihM/mqYUEm":{"registrationId":15186,"currentRatchet":{"ephemeralKeyPair":{"pubKey":"BekYi/cSkAC8iS9h32zKGYyKrgBcFvWhUaQT2uiOA5UD","privKey":"GK4VRWt2/SLsxvyrKGfLZ+pxFXmMeB7eoLeryUz9X2A="},"lastRemoteEphemeralKey":"BR32BEadjhEh4RTj4uHry557UQRleL0Pd0yxkIRkmk5j","previousCounter":0,"rootKey":"Ehx2M/KM397fg3gfBF5y2DUMCtD1MmB6wG7yg5CIaY0="},"indexInfo":{"baseKey":"BZYLV/JULyXuuq7aAtDZ/PmdjVlRKlqEQZihM/mqYUEm","baseKeyType":1,"closed":-1,"used":1684229003152,"created":1684229003152,"remoteIdentityKey":"BVM8+Zm1imrm6syCWG8Y3xGZsdxc4OzgHpqlvYjq7rZ3"},"_chains":{"BekYi/cSkAC8iS9h32zKGYyKrgBcFvWhUaQT2uiOA5UD":{"chainKey":{"counter":0,"key":"QXfl/VvlNvlKXH28Qt28ri3X7WX/NuerWHThkELhjfw="},"chainType":1,"messageKeys":{}}},"pendingPreKey":{"signedKeyId":1,"baseKey":"BZYLV/JULyXuuq7aAtDZ/PmdjVlRKlqEQZihM/mqYUEm","preKeyId":146}}},"version":"v1"}