{"_sessions":{"BSeqehJC8v6I/0NRdUd0/hAwaBD0nDcLdvgsDjc7h4Zu":{"registrationId":255,"currentRatchet":{"ephemeralKeyPair":{"pubKey":"BchanImmwSe1Zs5S6dzQ5o5rsttOnrdfu3KOW/3EOjQF","privKey":"QHqGe0yTYRplRRf4E6fBCM5Ee2jxbEADL3dJ3mZXlU8="},"lastRemoteEphemeralKey":"BdvfRAYbN0G0UyKYcQ2QI0duKSVHfKiyJpoAEFgzv7h/","previousCounter":0,"rootKey":"tbfuIjYgVnk7O5fYx+QNJHAiOWBFKu1/Uaw23omRFAI="},"indexInfo":{"baseKey":"BSeqehJC8v6I/0NRdUd0/hAwaBD0nDcLdvgsDjc7h4Zu","baseKeyType":1,"closed":-1,"used":1684229003141,"created":1684229003141,"remoteIdentityKey":"BYCUzpMR9Ss1S32Y2PSwXz4atC5q3oEd9D4WWGyqk8Vy"},"_chains":{"BchanImmwSe1Zs5S6dzQ5o5rsttOnrdfu3KOW/3EOjQF":{"chainKey":{"counter":0,"key":"HwFFo6sqWrHN+c7454FRHPTmLmJwQoXAe4WM9GABxqo="},"chainType":1,"messageKeys":{}}},"pendingPreKey":{"signedKeyId":1,"baseKey":"BSeqehJC8v6I/0NRdUd0/hAwaBD0nDcLdvgsDjc7h4Zu"}}},"version":"v1"}