{"_sessions":{"Be+2iAxYaA9PeyeM1ao8KCSWm4zVKS0FmhIwD4THEKRp":{"registrationId":1084399712,"currentRatchet":{"ephemeralKeyPair":{"pubKey":"BUiwvC17FS5RJtIR8ds5isD6CT00fMBe0t/nqtejhzcy","privKey":"uCOkEzorv/+E/c/dSy2LA3gLWcbPa8f1Hxg7xi94G0g="},"lastRemoteEphemeralKey":"BTvp3R8OLJFj9tl42wt2Ct6pJvJ0G1vLmH+dHRAlqv0Z","previousCounter":0,"rootKey":"fT5YqFkobCIsQtyuek08+NcvlWHL8xgG/ff0Kqi92JY="},"indexInfo":{"baseKey":"Be+2iAxYaA9PeyeM1ao8KCSWm4zVKS0FmhIwD4THEKRp","baseKeyType":1,"closed":-1,"used":1684229003223,"created":1684229003223,"remoteIdentityKey":"BbQhSdrNjDIeAiK1T96sG+1UWpuzLlQ5+VvXVi+Dssth"},"_chains":{"BUiwvC17FS5RJtIR8ds5isD6CT00fMBe0t/nqtejhzcy":{"chainKey":{"counter":0,"key":"eiqezYuIO7bjtTYavAVCACETfMAivpFRVmYt91CCdPw="},"chainType":1,"messageKeys":{}}},"pendingPreKey":{"signedKeyId":1,"baseKey":"Be+2iAxYaA9PeyeM1ao8KCSWm4zVKS0FmhIwD4THEKRp","preKeyId":8330351}}},"version":"v1"}