{"_sessions":{"BVenvse0DN6CU9F7U+n9F4a2+IUTLMXjFavW9RcnGDsL":{"registrationId":150,"currentRatchet":{"ephemeralKeyPair":{"pubKey":"BcwXqmJNnw45+CvqJq9dBTuXmSAIp+5ot2HYJHaajrR+","privKey":"wAS3vUgajycm8x21mWwFjvP88qDNwTF55Ql7Ie2ep3w="},"lastRemoteEphemeralKey":"Be8xnQUHJUXxehxcFkND3MCN2FKC4icVWnV1LhYKfZo2","previousCounter":0,"rootKey":"iluTDkCdB5Cq5f1qQAj6ZVii+gs0yn1nyKwZh5AW9KQ="},"indexInfo":{"baseKey":"BVenvse0DN6CU9F7U+n9F4a2+IUTLMXjFavW9RcnGDsL","baseKeyType":1,"closed":-1,"used":1684229002985,"created":1684229002985,"remoteIdentityKey":"Bet4FvG+gRJghh/zduvh3xTu2CqHAD+bZAYqbtXpOfx+"},"_chains":{"BcwXqmJNnw45+CvqJq9dBTuXmSAIp+5ot2HYJHaajrR+":{"chainKey":{"counter":0,"key":"4CVL+5Zem9UhtBA19c2gM1cUBxJcslo/0o6dk7iLW0c="},"chainType":1,"messageKeys":{}}},"pendingPreKey":{"signedKeyId":1,"baseKey":"BVenvse0DN6CU9F7U+n9F4a2+IUTLMXjFavW9RcnGDsL"}}},"version":"v1"}