{"_sessions":{"BX7Dr+j1nCVbC8r8DUJZuO6ahQG/6Jt39M937KuHpkcB":{"registrationId":120891662,"currentRatchet":{"ephemeralKeyPair":{"pubKey":"BX08nxNZ3+xvpGzdPnOdh8yZdQ7knGcFfi9vqCyF8os/","privKey":"OFSLSCbGGN0a0sly+k7GsAzxpw1VPT+g3uwcM8QImmw="},"lastRemoteEphemeralKey":"BcGFTqqFMOFlJ5uYe4/ZDGjGU+83Bzm8OvHwRA/RafUZ","previousCounter":0,"rootKey":"QxaM2VPQE6M//wO1aMokWLzPpDzUq33I+7lSUvURbH0="},"indexInfo":{"baseKey":"BX7Dr+j1nCVbC8r8DUJZuO6ahQG/6Jt39M937KuHpkcB","baseKeyType":1,"closed":-1,"used":1684229003258,"created":1684229003258,"remoteIdentityKey":"BXGXiUjqMgwAoBq7TFB/ZHNyrmVat77mqA0XyCDQqvN/"},"_chains":{"BX08nxNZ3+xvpGzdPnOdh8yZdQ7knGcFfi9vqCyF8os/":{"chainKey":{"counter":0,"key":"hxieLDlMXs4PiIuxXFPvMltLCFQPvkSqv1ZlfdMmA20="},"chainType":1,"messageKeys":{}}},"pendingPreKey":{"signedKeyId":7445,"baseKey":"BX7Dr+j1nCVbC8r8DUJZuO6ahQG/6Jt39M937KuHpkcB","preKeyId":11898970}}},"version":"v1"}