{"_sessions":{"Bb5mGEPuqVTEBxkaklnqqjoyCmMIJtttbQ1KhJUZL+UL":{"registrationId":1941590690,"currentRatchet":{"ephemeralKeyPair":{"pubKey":"Belzz7905Go14EiWKiA4yr9Y/D30WarGKlQhAuhBfZNT","privKey":"qHwxdPeYMM+qwd5WHIgieprEb0ttxDTNlpk4GFRWWVo="},"lastRemoteEphemeralKey":"BTymYF4+sj/GxVIDaEt+0LEKduU/IA10NrNkGp1RQzcD","previousCounter":0,"rootKey":"Zcr5+CgYDj4Zphsf5OOUO4lA5xlVMSpQ5Yer/jj8sP8="},"indexInfo":{"baseKey":"Bb5mGEPuqVTEBxkaklnqqjoyCmMIJtttbQ1KhJUZL+UL","baseKeyType":1,"closed":-1,"used":1684229189156,"created":1684229189156,"remoteIdentityKey":"BQnzlAn53ir025Vny0hsWE4Jo9PUxvXpnm6KzqPyawRl"},"_chains":{"Belzz7905Go14EiWKiA4yr9Y/D30WarGKlQhAuhBfZNT":{"chainKey":{"counter":28,"key":"eFJ1B1PYtpC/ELv9YNPWz5zHx+iMGUvGTrLuz3msKgs="},"chainType":1,"messageKeys":{}}},"pendingPreKey":{"signedKeyId":26,"baseKey":"Bb5mGEPuqVTEBxkaklnqqjoyCmMIJtttbQ1KhJUZL+UL","preKeyId":16614364}}},"version":"v1"}