{"_sessions":{"BdQGhNbN8NjRmWJL6ylhXaK6Grws2vp5SpZ+h5HcCn9H":{"registrationId":1317767705,"currentRatchet":{"ephemeralKeyPair":{"pubKey":"BVakJRAGgvL9kNOEnfyOCv1ocYFTZ/yBnDbCqY45qXF0","privKey":"mDkN0IcJ09yO7O3jHrXEcy7cWhApIKpIIcXiYPsoB3k="},"lastRemoteEphemeralKey":"BRFo6DcvUhot8T5UbxAilTGCcismzH9B/vj0zCB8YpB7","previousCounter":0,"rootKey":"dpMkKMf8iF/4xORtZJH8CWs9TP+WeYsUzy8y9BItc58="},"indexInfo":{"baseKey":"BdQGhNbN8NjRmWJL6ylhXaK6Grws2vp5SpZ+h5HcCn9H","baseKeyType":1,"closed":-1,"used":1684229189160,"created":1684229189160,"remoteIdentityKey":"BeIFWImDMtH9RywQklc8jzxnpY7WPaOS3SVLGQTSIvRm"},"_chains":{"BVakJRAGgvL9kNOEnfyOCv1ocYFTZ/yBnDbCqY45qXF0":{"chainKey":{"counter":28,"key":"BtwwYkD7wBXrASmKMsqs7aF4aFeCWKttULY7RzE/3DI="},"chainType":1,"messageKeys":{}}},"pendingPreKey":{"signedKeyId":2,"baseKey":"BdQGhNbN8NjRmWJL6ylhXaK6Grws2vp5SpZ+h5HcCn9H","preKeyId":1994053}}},"version":"v1"}