{"_sessions":{"Bb2B2G8kACDpGhZkVvAu24+q3FjIK0W96CF0AVVqfxVk":{"registrationId":1021842451,"currentRatchet":{"ephemeralKeyPair":{"pubKey":"BcGoXOFQZNpqnOgqNZDdEinra3Wt94Fb9X4nRepRHKYm","privKey":"AA53MKXeHvzNZNjoEnQcBM/UynVIHoiNmEAmOGLI5l4="},"lastRemoteEphemeralKey":"BSiVGNltQ6YX7CKcecyvdnOA81uNqt9ps6CftHKGPOMo","previousCounter":0,"rootKey":"/aSR6NqXmphWnnWs4SNIkeoe7o3snTHMT78/HzXiO0c="},"indexInfo":{"baseKey":"Bb2B2G8kACDpGhZkVvAu24+q3FjIK0W96CF0AVVqfxVk","baseKeyType":1,"closed":-1,"used":1684229003195,"created":1684229003195,"remoteIdentityKey":"BWqzbVf65uYp38Xo9EUcxxi48MbR6pvoRVi8KnYAS2FG"},"_chains":{"BcGoXOFQZNpqnOgqNZDdEinra3Wt94Fb9X4nRepRHKYm":{"chainKey":{"counter":0,"key":"uU33P81zKYW6+07d7U4vYIbJrjF7fNcH6u4r/Q3nU/I="},"chainType":1,"messageKeys":{}}},"pendingPreKey":{"signedKeyId":2,"baseKey":"Bb2B2G8kACDpGhZkVvAu24+q3FjIK0W96CF0AVVqfxVk"}}},"version":"v1"}