{"_sessions":{"BR/8nxk9lCjoFsmIhRr/H/s8nm8ZWoYCTgRudBLLCBR4":{"registrationId":916512,"currentRatchet":{"ephemeralKeyPair":{"pubKey":"BXbK4/nfB/5DfQGFDItCfwGmP1bS4wk93+DBuUiwIlFd","privKey":"SP9YoFYzvpkHgJjXifpvKUFEXiKDCKRPCrl9wNbhR1I="},"lastRemoteEphemeralKey":"BbcVvilsuptSYL1IhbZMceVPzE7ga5UYDFtN7pdIOQRP","previousCounter":0,"rootKey":"jI9G83OREXB+wHhEzHGY98pWNZok5H4RE/5GPOOLwH8="},"indexInfo":{"baseKey":"BR/8nxk9lCjoFsmIhRr/H/s8nm8ZWoYCTgRudBLLCBR4","baseKeyType":1,"closed":-1,"used":1684229003283,"created":1684229003283,"remoteIdentityKey":"BQ/4toJMqj3D8xcffiKV5TCvGa9JDi6UEyGNnYAWOShK"},"_chains":{"BXbK4/nfB/5DfQGFDItCfwGmP1bS4wk93+DBuUiwIlFd":{"chainKey":{"counter":0,"key":"TRm2D8XossVlLy887A3fT4xuWc9G1zLAUpIlRhLCjyk="},"chainType":1,"messageKeys":{}}},"pendingPreKey":{"signedKeyId":0,"baseKey":"BR/8nxk9lCjoFsmIhRr/H/s8nm8ZWoYCTgRudBLLCBR4","preKeyId":6654020}}},"version":"v1"}