{"_sessions":{"Bbi3QzyQc2/tFk6xuzwogE/dbXLMSXPheG1hJSa50hIJ":{"registrationId":629434556,"currentRatchet":{"ephemeralKeyPair":{"pubKey":"BVOk66feHQ3BFlXR44cAtY9cTm8lXR3IbGUngWM+Mxk2","privKey":"YG2J2wnESx/orqHLDV77CzAn9lIyA5Iy1kS8Xx+eblM="},"lastRemoteEphemeralKey":"BYsEx0Wck6qNIF61NUVrvzWZxOG9fMKw+5zWOrhBawds","previousCounter":0,"rootKey":"WCG/XQcvisFxasakRjvRjDeSubSVjjZ+hnFku841t/0="},"indexInfo":{"baseKey":"Bbi3QzyQc2/tFk6xuzwogE/dbXLMSXPheG1hJSa50hIJ","baseKeyType":1,"closed":-1,"used":1684229189158,"created":1684229189158,"remoteIdentityKey":"BR6U5qmFZYeX6t11U9Lzhjst4PKh25x7Is918Ko18H0c"},"_chains":{"BVOk66feHQ3BFlXR44cAtY9cTm8lXR3IbGUngWM+Mxk2":{"chainKey":{"counter":28,"key":"b5p1+28B1wyCiN7tfLRVeNIdCTe8irG4XO+Pf/O5yDY="},"chainType":1,"messageKeys":{}}},"pendingPreKey":{"signedKeyId":0,"baseKey":"Bbi3QzyQc2/tFk6xuzwogE/dbXLMSXPheG1hJSa50hIJ"}}},"version":"v1"}