{"_sessions":{"BY5AdEvjU2pIV14XseLoq/eYFG53jLlYnrfxWpHpr/E/":{"registrationId":66241133,"currentRatchet":{"ephemeralKeyPair":{"pubKey":"BUX1GgpeMwFhfrgxQQrB09i6uDAnYgsSw2XmKchgNe1+","privKey":"UK2HoLTowqmaGRtX6i3VCtJoTOPFk0PyO/iINaJGLkU="},"lastRemoteEphemeralKey":"BdEM5QbCqT4p1N3zaOmmKgMa3ZlAChnhA5crbeuweYVT","previousCounter":0,"rootKey":"upjPpadlcYRgQZOS4gtPlD1iHYRxaEK5FvaKRpTZ/vI="},"indexInfo":{"baseKey":"BY5AdEvjU2pIV14XseLoq/eYFG53jLlYnrfxWpHpr/E/","baseKeyType":1,"closed":-1,"used":1684229003244,"created":1684229003244,"remoteIdentityKey":"BQFlnF3Q3696TgWvxjAR1XhH5gqxJCrRWvOpBf2mOcog"},"_chains":{"BUX1GgpeMwFhfrgxQQrB09i6uDAnYgsSw2XmKchgNe1+":{"chainKey":{"counter":0,"key":"8gL7OsOAMzQ8JuMeZsD37phx8TlE6/06vsMSOen8OD4="},"chainType":1,"messageKeys":{}}},"pendingPreKey":{"signedKeyId":0,"baseKey":"BY5AdEvjU2pIV14XseLoq/eYFG53jLlYnrfxWpHpr/E/"}}},"version":"v1"}