{"_sessions":{"BekrPfBA1Clu4bhLaCadVCaCJlmUPTmSfowPK+/gYew5":{"registrationId":357433140,"currentRatchet":{"ephemeralKeyPair":{"pubKey":"Be41YcWT09cTnQzlnft5r+RN5/wjPrWQu3DNmU1aTUx0","privKey":"eHEd9RbMv+2uMSnN1bIcHAlUWrobVLsEYB24xmz8/08="},"lastRemoteEphemeralKey":"BegM0LbLVtdBGTr1V033UwcqN+oH8TLraFG1eWFwodc6","previousCounter":0,"rootKey":"BOhN3UL/H8MbT9Hhi3CsrZynPZqXmrU6XsOeEHkxH1E="},"indexInfo":{"baseKey":"BekrPfBA1Clu4bhLaCadVCaCJlmUPTmSfowPK+/gYew5","baseKeyType":1,"closed":-1,"used":1684229003221,"created":1684229003221,"remoteIdentityKey":"Bd8Dj1mFqqxWRZzJe8LYZtL2Vyb1mOrHP6V2yOq17b8l"},"_chains":{"Be41YcWT09cTnQzlnft5r+RN5/wjPrWQu3DNmU1aTUx0":{"chainKey":{"counter":0,"key":"f3fY4/+ihqXDx1WEy8Fm6U+xjSTaej5pPtqv76YldFc="},"chainType":1,"messageKeys":{}}},"pendingPreKey":{"signedKeyId":1,"baseKey":"BekrPfBA1Clu4bhLaCadVCaCJlmUPTmSfowPK+/gYew5"}}},"version":"v1"}