{"_sessions":{"BW9NEtmqQvY37d0qKs5BUU64/su2KUJdhGIFKL+KWyYT":{"registrationId":916334792,"currentRatchet":{"ephemeralKeyPair":{"pubKey":"BQaAgVYWkuA/1sDUxZIQg169RdjH8ocZrwtklghgQfME","privKey":"ODZn14bfHkzk50KK0orWPgxcSIFKLdBlF/v0SRnVwFg="},"lastRemoteEphemeralKey":"BeyH8ASc7QYnMrgZoe7+5NSvdP/oq3DW5IT1ePv6qCtX","previousCounter":0,"rootKey":"BOJ/2E1zJUg94stEaYDPuu7VPJyac4yluDEvq51NyEs="},"indexInfo":{"baseKey":"BW9NEtmqQvY37d0qKs5BUU64/su2KUJdhGIFKL+KWyYT","baseKeyType":1,"closed":-1,"used":1684229003265,"created":1684229003265,"remoteIdentityKey":"BVAiw+rvZ7d1P+3+Yh+MU+WsZTADIFbakeomQgncYfsG"},"_chains":{"BQaAgVYWkuA/1sDUxZIQg169RdjH8ocZrwtklghgQfME":{"chainKey":{"counter":0,"key":"+tmr4bsxkO4F5iaEkkixJOCY7SsNolK+o037kgOIwKE="},"chainType":1,"messageKeys":{}}},"pendingPreKey":{"signedKeyId":0,"baseKey":"BW9NEtmqQvY37d0qKs5BUU64/su2KUJdhGIFKL+KWyYT"}}},"version":"v1"}