{"_sessions":{"BXLLWJFKwd06ttOPAzd/d7SV9yNSolkV88JGFwUNM68Q":{"registrationId":14697,"currentRatchet":{"ephemeralKeyPair":{"pubKey":"BdsejzhZXSWgTnuU5j11/uo3lmhZVkE3BT9dbbs2szkp","privKey":"QBEnWfSEPbp61V2vDytgg2ICtF9fJrbJgGBGSj90TXU="},"lastRemoteEphemeralKey":"BfyBhBxw68o2Q1GMFNg0lG6Wuw03jujE4Cw1mGss/hJV","previousCounter":0,"rootKey":"0NSqCZU3bRSu6Eq0+hDssYfWG1aqf3SDItqzxWjJNfw="},"indexInfo":{"baseKey":"BXLLWJFKwd06ttOPAzd/d7SV9yNSolkV88JGFwUNM68Q","baseKeyType":1,"closed":-1,"used":1684236090380,"created":1684236090380,"remoteIdentityKey":"Bfsze4oNvdu4hROtRBYYYQQg+VNHjA9HSmM29S91V9tl"},"_chains":{"BdsejzhZXSWgTnuU5j11/uo3lmhZVkE3BT9dbbs2szkp":{"chainKey":{"counter":0,"key":"TcpATwfaCx/RWzCN2oEAYLdIAXxJHHZK0xwYQLnhdF8="},"chainType":1,"messageKeys":{}}},"pendingPreKey":{"signedKeyId":1,"baseKey":"BXLLWJFKwd06ttOPAzd/d7SV9yNSolkV88JGFwUNM68Q","preKeyId":935}}},"version":"v1"}