{"_sessions":{"BXyroYAP5x6M+1TlkK5QBZfjlXrKfKvPYsI9n0cPnDg2":{"registrationId":2109084477,"currentRatchet":{"ephemeralKeyPair":{"pubKey":"BeuGbBagagF/enGPRkNjoqB3OPb1HhACsQh8N3pcJok2","privKey":"sFuP7IQLoKXNwSe6RQjhlF5UDYbfKkBApMwyESe3mEc="},"lastRemoteEphemeralKey":"BWKohVhZvSbWvF7kUCTrRgnDIP10W1Ge0Qdzy9DEcOk4","previousCounter":0,"rootKey":"QAz8o0w6vUzPHsLBD+o9snIgGQKMwIOoSeikLNQnsN8="},"indexInfo":{"baseKey":"BXyroYAP5x6M+1TlkK5QBZfjlXrKfKvPYsI9n0cPnDg2","baseKeyType":1,"closed":-1,"used":1684229003198,"created":1684229003198,"remoteIdentityKey":"BX0BcS6P5TB1y8bJhWuw0ihZTN790ePDvkMcdfhnDcU5"},"_chains":{"BeuGbBagagF/enGPRkNjoqB3OPb1HhACsQh8N3pcJok2":{"chainKey":{"counter":0,"key":"AQNxF69AlZHsiCYUWo+nmyJPE9Quecxpm/S1ThTvp84="},"chainType":1,"messageKeys":{}}},"pendingPreKey":{"signedKeyId":1,"baseKey":"BXyroYAP5x6M+1TlkK5QBZfjlXrKfKvPYsI9n0cPnDg2","preKeyId":13672524}}},"version":"v1"}