{"_sessions":{"BQDhaOxtRm1ZtNlE7+lZjC4AbA8Osu2HsQaNaMFAyi8Z":{"registrationId":1006472228,"currentRatchet":{"ephemeralKeyPair":{"pubKey":"BUtt5/6bdgsLfBspNpJhY9n3HnwaaXIuOPfd5kiUxZ03","privKey":"aOJrSaPOV8U6oJ+zSjRXfO5aNVYXToFoGhBEvNzFiWY="},"lastRemoteEphemeralKey":"BbeeHedy7qCkoNAeJ16R7WwZwDVNkXq3jOzFK40YwXcr","previousCounter":0,"rootKey":"Qphn0Xl+Dbcs3gTF8rvkwhLPzuLksEmnVQZfyo7dmdQ="},"indexInfo":{"baseKey":"BQDhaOxtRm1ZtNlE7+lZjC4AbA8Osu2HsQaNaMFAyi8Z","baseKeyType":1,"closed":-1,"used":1684229003269,"created":1684229003269,"remoteIdentityKey":"BUI9m/Z9GAs2SM+Q3U/vlGBew/h7rUk3IdD/rMsrvBdu"},"_chains":{"BUtt5/6bdgsLfBspNpJhY9n3HnwaaXIuOPfd5kiUxZ03":{"chainKey":{"counter":0,"key":"3ZOfBpB4A3svHXSccONEqYEItCTsLVU1RqLtHmqGens="},"chainType":1,"messageKeys":{}}},"pendingPreKey":{"signedKeyId":1,"baseKey":"BQDhaOxtRm1ZtNlE7+lZjC4AbA8Osu2HsQaNaMFAyi8Z"}}},"version":"v1"}