{"_sessions":{"Bfz+XGATncrDEo4lltK4RdW39Of4tKaY88BhRsK7eZ84":{"registrationId":131551767,"currentRatchet":{"ephemeralKeyPair":{"pubKey":"BYzSZ+UVfV7Nbvhb8c3BHyf0dj1i1zv2skklxNZq4Lgo","privKey":"iCeDQM5+JZ3xDUe9mOgXyj19jpY23F7HM83VfYXqYlw="},"lastRemoteEphemeralKey":"BapgIc9tdf23tpzWeEbhzzE/rFkF0JPJ6BeAChK4EglJ","previousCounter":0,"rootKey":"c3I7KXV4jofoSQXfBlH06aoslBvhpKK7mWnYo9h6OiY="},"indexInfo":{"baseKey":"Bfz+XGATncrDEo4lltK4RdW39Of4tKaY88BhRsK7eZ84","baseKeyType":1,"closed":-1,"used":1684229003256,"created":1684229003256,"remoteIdentityKey":"BdY7D+EgjSgQo67Ww2hhvjF75n2sEPBrL6qySFYvowcP"},"_chains":{"BYzSZ+UVfV7Nbvhb8c3BHyf0dj1i1zv2skklxNZq4Lgo":{"chainKey":{"counter":0,"key":"52t0cz38a3iRokPGu9+WdjetdEa7QdWdEPj8xWLT/78="},"chainType":1,"messageKeys":{}}},"pendingPreKey":{"signedKeyId":1,"baseKey":"Bfz+XGATncrDEo4lltK4RdW39Of4tKaY88BhRsK7eZ84","preKeyId":968498}}},"version":"v1"}