{"_sessions":{"BZShrmrlocpROMvRvgH7wKXYyeAyV2gxryoz+tmr0gUP":{"registrationId":468768906,"currentRatchet":{"ephemeralKeyPair":{"pubKey":"BdK/zhPJi0wgzUvtB9LCYBeJKJzh2z5Nb3Gv+lhdLPBT","privKey":"CAXo9JsfnPUd++GXdABWfaej7ljNm/lkaZvkXn2wv2g="},"lastRemoteEphemeralKey":"BZEJDYNnxomQ9BEkZAwAly9OlJj7GQSvYqE4n8/W4bwf","previousCounter":0,"rootKey":"hxc9bgH4gkK4Ug976b17wTv4rom7nfB62PMpLt25w5g="},"indexInfo":{"baseKey":"BZShrmrlocpROMvRvgH7wKXYyeAyV2gxryoz+tmr0gUP","baseKeyType":1,"closed":-1,"used":1684229003270,"created":1684229003270,"remoteIdentityKey":"BcT/5VapG3Trqee7Ijk27qpk7/AY87N05L90DZ6ISUdS"},"_chains":{"BdK/zhPJi0wgzUvtB9LCYBeJKJzh2z5Nb3Gv+lhdLPBT":{"chainKey":{"counter":0,"key":"N1DiLIrEMhzvi8vfWZ/ZN2fiA+UERZaSt2LYM12bcFA="},"chainType":1,"messageKeys":{}}},"pendingPreKey":{"signedKeyId":10723464,"baseKey":"BZShrmrlocpROMvRvgH7wKXYyeAyV2gxryoz+tmr0gUP","preKeyId":2210}}},"version":"v1"}