{"_sessions":{"BTLaeyZLzH8nX4mFvP+oSa6c9+AQo5NknUxZeCwwZHMs":{"registrationId":637353105,"currentRatchet":{"ephemeralKeyPair":{"pubKey":"BXQUKAnNFG0HUJUT5wSRm7PCVtjnKfQjW68IsYftlVQD","privKey":"oHsCPK5vLPeHKosaOLs1tAushlsectrsfRDdTtq88Ek="},"lastRemoteEphemeralKey":"BeQEYnWYa6KOnQxrNxXpIDRd0dUkM5SbPMxFA5sZMhlW","previousCounter":0,"rootKey":"h5VUYjX6HTv8k4+5Eztx8pbFHtWKhkprsT8LHheJvAw="},"indexInfo":{"baseKey":"BTLaeyZLzH8nX4mFvP+oSa6c9+AQo5NknUxZeCwwZHMs","baseKeyType":1,"closed":-1,"used":1684229003279,"created":1684229003279,"remoteIdentityKey":"BZWWhTyZd2M1+RWuoinfGEvZIymA0pIMRoyO0g98yF80"},"_chains":{"BXQUKAnNFG0HUJUT5wSRm7PCVtjnKfQjW68IsYftlVQD":{"chainKey":{"counter":0,"key":"uQ8BmxNnYFcXK9FEblFOOo9yhFms5zWURx2/0GaJBok="},"chainType":1,"messageKeys":{}}},"pendingPreKey":{"signedKeyId":1,"baseKey":"BTLaeyZLzH8nX4mFvP+oSa6c9+AQo5NknUxZeCwwZHMs","preKeyId":10961104}}},"version":"v1"}