{"_sessions":{"BXrc+mgafGy/9CPnpvsNQqMRW4lfBI0+q632c6GpOR8j":{"registrationId":2041635356,"currentRatchet":{"ephemeralKeyPair":{"pubKey":"BblHPdAsl0Ppr16X6FRtXR1jklOCmcblkxxar0qpeooW","privKey":"WP09/YKSe8zsYWgd+Y2H3Q0B+ykvMXTnh3qpNxNuslc="},"lastRemoteEphemeralKey":"BRibi/+VUupYl2tPSImv3mUkl/VaT/oNKj9y1s3UzKRF","previousCounter":0,"rootKey":"spqki5GTbUl2JUF0tfa5P+hYI2GvfGDGcVKXxDcWuTE="},"indexInfo":{"baseKey":"BXrc+mgafGy/9CPnpvsNQqMRW4lfBI0+q632c6GpOR8j","baseKeyType":1,"closed":-1,"used":1684229003271,"created":1684229003271,"remoteIdentityKey":"BbuRPOU/72c9HafwTKwEiCFpwYWytce/ArC7AGTrx3JJ"},"_chains":{"BblHPdAsl0Ppr16X6FRtXR1jklOCmcblkxxar0qpeooW":{"chainKey":{"counter":0,"key":"Ik2SE43mR62a/3npbTKfe0YNUShEE3LgnQhCI2JyjDw="},"chainType":1,"messageKeys":{}}},"pendingPreKey":{"signedKeyId":13,"baseKey":"BXrc+mgafGy/9CPnpvsNQqMRW4lfBI0+q632c6GpOR8j","preKeyId":12007022}}},"version":"v1"}