{"_sessions":{"BQTIS2QcClxaxWNg+sKkY8OS0WQWhN2EJqalUqtTADcH":{"registrationId":1114579360,"currentRatchet":{"ephemeralKeyPair":{"pubKey":"BQQU6G2gTBzB/K7wh1cIIHHdJZnXKp7bfrL7bjMZTY1h","privKey":"KLtkeroiMQ2sEtqYWTMC3aQBlxGl7yNIZ7jTIi4sXXw="},"lastRemoteEphemeralKey":"BUQ6tsmK+NOLHViPuk2mdnil1Pamv5hE71Y1mQSge2oZ","previousCounter":0,"rootKey":"EQ2vSuQjgxfB36TOD3iuACZkSCzI3Z7kXo864qfShXY="},"indexInfo":{"baseKey":"BQTIS2QcClxaxWNg+sKkY8OS0WQWhN2EJqalUqtTADcH","baseKeyType":1,"closed":-1,"used":1684229003274,"created":1684229003274,"remoteIdentityKey":"BfGFT7aj0e8VBIvFGmPVkKzSdWwZX1sy4avkM6OsfbQT"},"_chains":{"BQQU6G2gTBzB/K7wh1cIIHHdJZnXKp7bfrL7bjMZTY1h":{"chainKey":{"counter":0,"key":"kif0knZa48+/A7LQexH5UviOr/05yNmRCVIlQ4xBzJE="},"chainType":1,"messageKeys":{}}},"pendingPreKey":{"signedKeyId":1,"baseKey":"BQTIS2QcClxaxWNg+sKkY8OS0WQWhN2EJqalUqtTADcH","preKeyId":3740773}}},"version":"v1"}