{"_sessions":{"BetHcdOvIFjh/wQutnpH8+9mfAfhGSNk0UtfrCRmvSIC":{"registrationId":304515933,"currentRatchet":{"ephemeralKeyPair":{"pubKey":"BTMeOTvzRdz1RXTtsSj3zvkrHQikMly9xhXDTJnVbGlF","privKey":"UD3KADf0gFnmoR0wyf2lsiUMrv0qZpIvc9zkCE8TXno="},"lastRemoteEphemeralKey":"BUbXI4dCCb4yjaOCova3RXBSVjREd+TUR1BfukanBIpi","previousCounter":0,"rootKey":"EWmQEkJ5pOEj0uKafIrjniJERsaz2xZsFj2uG1Pz62I="},"indexInfo":{"baseKey":"BetHcdOvIFjh/wQutnpH8+9mfAfhGSNk0UtfrCRmvSIC","baseKeyType":1,"closed":-1,"used":1684229003285,"created":1684229003285,"remoteIdentityKey":"BXtZ7HE5rCbI9JH51lKl5w9JD8Yr1HOgcTPJG2DGWhBQ"},"_chains":{"BTMeOTvzRdz1RXTtsSj3zvkrHQikMly9xhXDTJnVbGlF":{"chainKey":{"counter":0,"key":"6Q6ztnKcjdrP8ZvaHgylesyzvaW52qHxU+031sci3r0="},"chainType":1,"messageKeys":{}}},"pendingPreKey":{"signedKeyId":11,"baseKey":"BetHcdOvIFjh/wQutnpH8+9mfAfhGSNk0UtfrCRmvSIC","preKeyId":13662689}}},"version":"v1"}