{"_sessions":{"BV7mMqlnjwbone+k/eI4Et2gp0t6n64y3dPMRbWKZ7oa":{"registrationId":232,"currentRatchet":{"ephemeralKeyPair":{"pubKey":"Bc4kXuXT6953zNX070pbmc9tN8kZQ8NV58zFcqiwXGRb","privKey":"MCEjfn44o0SPaKn7hrecT3bd5RRmMqE8iClHDudXPGY="},"lastRemoteEphemeralKey":"BTT2D6HmfqZyLKIoFAr1s8ohANPDSM6OrcZBgQCxdkVE","previousCounter":0,"rootKey":"f9YmO2pOawiR2yluhMy1c9Ly3B38JNo4kPREPd+z5nE="},"indexInfo":{"baseKey":"BV7mMqlnjwbone+k/eI4Et2gp0t6n64y3dPMRbWKZ7oa","baseKeyType":1,"closed":-1,"used":1684229003189,"created":1684229003189,"remoteIdentityKey":"BXFFd7D4vM+0JQpycshnkQrOIABNykAOfdoUCMb+Za9X"},"_chains":{"Bc4kXuXT6953zNX070pbmc9tN8kZQ8NV58zFcqiwXGRb":{"chainKey":{"counter":0,"key":"ouzgP+ffnRqsERfZBfqY0qNw8jkpYvp5iOg4ywerkcU="},"chainType":1,"messageKeys":{}}},"pendingPreKey":{"signedKeyId":1,"baseKey":"BV7mMqlnjwbone+k/eI4Et2gp0t6n64y3dPMRbWKZ7oa"}}},"version":"v1"}