{"_sessions":{"BSZe1aKPbU6o7e14WfjxNVoR+VupJNBW7sDS/gwCX3Zr":{"registrationId":937435833,"currentRatchet":{"ephemeralKeyPair":{"pubKey":"BTU4dnpI7GqcOHvPcMvA+qgQVMQJ8uR/gcuP0BI4NLcn","privKey":"qE4JjUNVuxpRmq1L9T5od4QMrXz6LnXUT9KDJcsS0WU="},"lastRemoteEphemeralKey":"BW6/f8nyU3DAdaCrDfjjyO6RKx/Nu9+A+r07v35E6tQf","previousCounter":0,"rootKey":"vzXWTmR9bEi3oKnEZi2UXSJpTbrEb+u8rHoohnI6ruA="},"indexInfo":{"baseKey":"BSZe1aKPbU6o7e14WfjxNVoR+VupJNBW7sDS/gwCX3Zr","baseKeyType":1,"closed":-1,"used":1684229003235,"created":1684229003235,"remoteIdentityKey":"BRvbkRQ/LDsKDELjqZh+ck2KN4fU72beYSVQnsJwzw8o"},"_chains":{"BTU4dnpI7GqcOHvPcMvA+qgQVMQJ8uR/gcuP0BI4NLcn":{"chainKey":{"counter":0,"key":"igxsZ1x5ALS78KeQadJDY6fI3myMy194Nz2WXgR6mx4="},"chainType":1,"messageKeys":{}}},"pendingPreKey":{"signedKeyId":1,"baseKey":"BSZe1aKPbU6o7e14WfjxNVoR+VupJNBW7sDS/gwCX3Zr","preKeyId":14792167}}},"version":"v1"}