{"_sessions":{"BWKmK7hXdzXI7hQbCcgNLX19sx28+248wxwwtN6OyAg7":{"registrationId":1124727201,"currentRatchet":{"ephemeralKeyPair":{"pubKey":"BXVcq6aJ3WrN5NC4d7RsgNoZXQkxd4qURW927hjr4TBm","privKey":"6FXp8Q7XAPH9YyOt71wk+34Mk3BPy03IroB0vNa3o2c="},"lastRemoteEphemeralKey":"BZLxC5k4oLNzTmUel2GYmdk/c4CKqbg0MqPOB9ZgYQdo","previousCounter":0,"rootKey":"phjo8mN1ngT7picf1N23P2pjepoeUdvbWJbIw3Q6AmI="},"indexInfo":{"baseKey":"BWKmK7hXdzXI7hQbCcgNLX19sx28+248wxwwtN6OyAg7","baseKeyType":1,"closed":-1,"used":1684229003204,"created":1684229003204,"remoteIdentityKey":"Bd17scfD+swGS3rFJLRDNTPzLTBiuUH306pZKwS7WoY1"},"_chains":{"BXVcq6aJ3WrN5NC4d7RsgNoZXQkxd4qURW927hjr4TBm":{"chainKey":{"counter":0,"key":"2Xc2PrAJYykAwmHTmPFu/woxWLJucPKqaj2eIh7tKZg="},"chainType":1,"messageKeys":{}}},"pendingPreKey":{"signedKeyId":1,"baseKey":"BWKmK7hXdzXI7hQbCcgNLX19sx28+248wxwwtN6OyAg7"}}},"version":"v1"}