{"_sessions":{"BRm5IGdQLPqaeB6as4/qnTmrQlWE05er9HvxeAgUvchx":{"registrationId":1872010399,"currentRatchet":{"ephemeralKeyPair":{"pubKey":"BSrQ4apI+2krIYeaDyHB02s/T2sAv2Wk6W49XwRrQPB7","privKey":"KE10Oi2nY2zXKJ+v4pOnl3E1YiqCjd4zFFdVxU2VkGE="},"lastRemoteEphemeralKey":"BZyQPY24Dm2CZtX8H6qetakBDkMxecdypeyJqvIimPB0","previousCounter":0,"rootKey":"kPlQbS1zzLyZYiwDmhyfhE2oCqeWM+P5WB+reGZei04="},"indexInfo":{"baseKey":"BRm5IGdQLPqaeB6as4/qnTmrQlWE05er9HvxeAgUvchx","baseKeyType":1,"closed":-1,"used":1684229003202,"created":1684229003202,"remoteIdentityKey":"BTsv4YYdrEFDVndSCTzrHql3U9XpZwNveUSPslyzNFFj"},"_chains":{"BSrQ4apI+2krIYeaDyHB02s/T2sAv2Wk6W49XwRrQPB7":{"chainKey":{"counter":0,"key":"QsGHwv7OtySDsC9W5VHO9GhcYE33Z50u32eM/Fdz4ZI="},"chainType":1,"messageKeys":{}}},"pendingPreKey":{"signedKeyId":2,"baseKey":"BRm5IGdQLPqaeB6as4/qnTmrQlWE05er9HvxeAgUvchx"}}},"version":"v1"}