{"_sessions":{"BWEORSoGkMNnYEsDutHMPaz+OFdGBWIU25g+nv5YMOxK":{"registrationId":625165684,"currentRatchet":{"ephemeralKeyPair":{"pubKey":"BS972H/kVGsw2XTgFHN33i+hM97g/g0oaAq6r77VXopK","privKey":"2OxhalnKdaxotCQV3apkjoFMWaaBw+KfyhJ5K29u5EE="},"lastRemoteEphemeralKey":"BfVSH8W7W1WTWAntbM9Q7GZ65qsuoWmvPNnnB5Jg9j92","previousCounter":0,"rootKey":"uOlT54CNPF9q3orLdzvyD+jTiLftlv4k1Ea+Kv0K1D0="},"indexInfo":{"baseKey":"BWEORSoGkMNnYEsDutHMPaz+OFdGBWIU25g+nv5YMOxK","baseKeyType":1,"closed":-1,"used":1684229003259,"created":1684229003259,"remoteIdentityKey":"BcLNhDG5D6MjgjB3cPDoMMyUGNJs1Edqa4qgvqOglCFe"},"_chains":{"BS972H/kVGsw2XTgFHN33i+hM97g/g0oaAq6r77VXopK":{"chainKey":{"counter":0,"key":"VQwogu9qndkOfEFwyp956AndQNvwnfeL+R9gS/tY/iM="},"chainType":1,"messageKeys":{}}},"pendingPreKey":{"signedKeyId":2,"baseKey":"BWEORSoGkMNnYEsDutHMPaz+OFdGBWIU25g+nv5YMOxK","preKeyId":6744188}}},"version":"v1"}