{"_sessions":{"Bdn0sf7GP2S9WJ1xV/3WYuiF5g3KmAh+9Gr+GhEqs/dU":{"registrationId":11,"currentRatchet":{"ephemeralKeyPair":{"pubKey":"BeIe+VmIEnyp31EAiQPL0/OluzysFIG7W4bLYDta9ckU","privKey":"6C6zySw4rqTFxJFaNATi31og4l3jOCmS9T4WiI03Ulg="},"lastRemoteEphemeralKey":"BWXSF5JCZxANuUHQWpdPnJ62JsHpRmNwksmcucUS/Oph","previousCounter":0,"rootKey":"mjnwEwZfzTBCPYs6EF3J1ZdS+fULMSMasB8d4UJzhXY="},"indexInfo":{"baseKey":"Bdn0sf7GP2S9WJ1xV/3WYuiF5g3KmAh+9Gr+GhEqs/dU","baseKeyType":1,"closed":-1,"used":1684229002893,"created":1684229002893,"remoteIdentityKey":"BdFhEMCTTZJltIFr7LLKuPCFVSOBxbvsO5bTJYWXyEY+"},"_chains":{"BeIe+VmIEnyp31EAiQPL0/OluzysFIG7W4bLYDta9ckU":{"chainKey":{"counter":0,"key":"FO8G5TTvM83UTkH44yNCXXvWPQWe1eCy+7Y+F4dtfvw="},"chainType":1,"messageKeys":{}}},"pendingPreKey":{"signedKeyId":1,"baseKey":"Bdn0sf7GP2S9WJ1xV/3WYuiF5g3KmAh+9Gr+GhEqs/dU"}}},"version":"v1"}