{"_sessions":{"BaCkXOf/op9jrE8EOtoFtJ6RNzofqMS1XZn1IgMv4zgx":{"registrationId":957282578,"currentRatchet":{"ephemeralKeyPair":{"pubKey":"BaMl4Zb6VC/GVAOvzNpX/qcoSSzUAuhzVpY6L9XqlMRg","privKey":"AAiZDNrrYZL9gljLJX2lBU76NQE5B2+ygAKLaBV5tGI="},"lastRemoteEphemeralKey":"BXWDDzubSFB96CeiVQMvkG4Q5aXvgL98ntrUpkhSzpgI","previousCounter":0,"rootKey":"xb8XjR3jYqQ1IBwtbsJQRASfoi6NLNRnQGdrG1b58oI="},"indexInfo":{"baseKey":"BaCkXOf/op9jrE8EOtoFtJ6RNzofqMS1XZn1IgMv4zgx","baseKeyType":1,"closed":-1,"used":1684229003232,"created":1684229003232,"remoteIdentityKey":"Bb0U6neZPOXYGcfS7lh6CGtIlq6G3hSEp4+5JuKQUmdD"},"_chains":{"BaMl4Zb6VC/GVAOvzNpX/qcoSSzUAuhzVpY6L9XqlMRg":{"chainKey":{"counter":0,"key":"SRkLQOAA2bu5MTGjY2b9ssFUqJZBm/dhYTCHzhvEM64="},"chainType":1,"messageKeys":{}}},"pendingPreKey":{"signedKeyId":3,"baseKey":"BaCkXOf/op9jrE8EOtoFtJ6RNzofqMS1XZn1IgMv4zgx","preKeyId":8376218}}},"version":"v1"}