{"_sessions":{"BZLMh/KFxwJqZ5mkGlFzoEf2ngKuHxzzvG9OMy9VHlsG":{"registrationId":94,"currentRatchet":{"ephemeralKeyPair":{"pubKey":"BUVX/IiOWDFcTTq6OExDOmHzkVrdQjlypo8gYcZv/xRk","privKey":"yP+GsgJe3qIae9g0+mFApxbwjomW1qG+qgxSR1uRtlw="},"lastRemoteEphemeralKey":"Bdj8xVWZeEZUDZt1x81eSEKFjfjUvi6D7R8giHAoWgRl","previousCounter":0,"rootKey":"o8KLrmM7VIkhFv0NbioMLml+KR6YzEuBpDHZAVihCAg="},"indexInfo":{"baseKey":"BZLMh/KFxwJqZ5mkGlFzoEf2ngKuHxzzvG9OMy9VHlsG","baseKeyType":1,"closed":-1,"used":1684238477917,"created":1684238477917,"remoteIdentityKey":"BcvSLJab1TRw7jmzO92cPoKvqVunvMUvDTIY6uINsQAX"},"_chains":{"BUVX/IiOWDFcTTq6OExDOmHzkVrdQjlypo8gYcZv/xRk":{"chainKey":{"counter":0,"key":"N53AMJRNB9bp/dp1sSqYHL/GooCknmS3ftQyUs1LFEw="},"chainType":1,"messageKeys":{}}},"pendingPreKey":{"signedKeyId":1,"baseKey":"BZLMh/KFxwJqZ5mkGlFzoEf2ngKuHxzzvG9OMy9VHlsG","preKeyId":3}}},"version":"v1"}