{"_sessions":{"BSVA+yUxHMneeGUiQPj/L7pkQM6VT+AVepD0ix8dsIYS":{"registrationId":1114815952,"currentRatchet":{"ephemeralKeyPair":{"pubKey":"BUY/K0/FK6OgZIFW28r4a5mVH2DSVj22ZHt7t+u/5mcV","privKey":"UOc8LMR2ztYBjZl+C24IeEjFwQHLunvEjAs1aPAvw2w="},"lastRemoteEphemeralKey":"BSJj9lHAaEX/RP+w+zSoFSWj2KIsuKYddR5HfMsf7wUl","previousCounter":0,"rootKey":"Pm2Xru89thMXgqL1f4JF5z/KNXOfNJ/1gPDjzjMYVxE="},"indexInfo":{"baseKey":"BSVA+yUxHMneeGUiQPj/L7pkQM6VT+AVepD0ix8dsIYS","baseKeyType":1,"closed":-1,"used":1684229003261,"created":1684229003261,"remoteIdentityKey":"BWscd2Lhu9h0Zx8lF9enCmmgnO8IMxFx4DwftdnOIkof"},"_chains":{"BUY/K0/FK6OgZIFW28r4a5mVH2DSVj22ZHt7t+u/5mcV":{"chainKey":{"counter":0,"key":"NnkFJOIAZAbYHZrjv0TW2Qo7Z487Gy5cGcwyURYNTTc="},"chainType":1,"messageKeys":{}}},"pendingPreKey":{"signedKeyId":6,"baseKey":"BSVA+yUxHMneeGUiQPj/L7pkQM6VT+AVepD0ix8dsIYS","preKeyId":9010272}}},"version":"v1"}