{"_sessions":{"BS3Bo1n8UkWKrAf/w+NfQ16vCOrKKn1/0QiYxgGjB1oh":{"registrationId":13666,"currentRatchet":{"ephemeralKeyPair":{"pubKey":"BVAVwL8sVBEzqUxEtaeZFPNyn1H658oYVMm+BtkpZw8Q","privKey":"gK97kWFN06cA/sw8PGy6IGBR7RNJNwD5G2uO7wvHFWs="},"lastRemoteEphemeralKey":"BboHz7ylngDxizsai7T4jfmRCA5HDPA9knv3GnQhFvti","previousCounter":0,"rootKey":"t/sCSWUZjOlWi57CUHSh6lMj+20PFjMUk2/DrLpi4xk="},"indexInfo":{"baseKey":"BS3Bo1n8UkWKrAf/w+NfQ16vCOrKKn1/0QiYxgGjB1oh","baseKeyType":1,"closed":-1,"used":1684229003184,"created":1684229003184,"remoteIdentityKey":"Bd8e0FIKDLMQ9c/TFSOc3kjiUE14OYX/MWhuSE+0m0R3"},"_chains":{"BVAVwL8sVBEzqUxEtaeZFPNyn1H658oYVMm+BtkpZw8Q":{"chainKey":{"counter":0,"key":"D+X/jeK1BejhKBv2ls2YZa5ZP91aFVXi/M3KfCdqsHU="},"chainType":1,"messageKeys":{}}},"pendingPreKey":{"signedKeyId":1,"baseKey":"BS3Bo1n8UkWKrAf/w+NfQ16vCOrKKn1/0QiYxgGjB1oh"}}},"version":"v1"}