{"_sessions":{"Bf/0H9j7y3Ie3a4M+HPe9AsIYg1TsVOogCiTx8lZaRBq":{"registrationId":1899845925,"currentRatchet":{"ephemeralKeyPair":{"pubKey":"BY2w+TqdSjCwEJ4DM7A16dh56X6oeAmS3pDKghlFM+Ru","privKey":"CMUCpswokt5CqtdhqKJ3wq3d0u9LnZncWI8VvHR5mX4="},"lastRemoteEphemeralKey":"BUa2fYgRQMgeQeq272HVKut3NY4cluvvdpVBls0YZKV6","previousCounter":0,"rootKey":"5zXV3n7YUP1+jdNvyKf+8PzyXybj0i8aktRz3aNPtKQ="},"indexInfo":{"baseKey":"Bf/0H9j7y3Ie3a4M+HPe9AsIYg1TsVOogCiTx8lZaRBq","baseKeyType":1,"closed":-1,"used":1684229003272,"created":1684229003272,"remoteIdentityKey":"BXJoJ8rLYZOQB3QKf01r3MgJnS1S0yAzT5uUmKFe9V1/"},"_chains":{"BY2w+TqdSjCwEJ4DM7A16dh56X6oeAmS3pDKghlFM+Ru":{"chainKey":{"counter":0,"key":"l1QfVCRzb0CZwKcT0ElMhgeLywb81QDBA8nlAenBULg="},"chainType":1,"messageKeys":{}}},"pendingPreKey":{"signedKeyId":14945310,"baseKey":"Bf/0H9j7y3Ie3a4M+HPe9AsIYg1TsVOogCiTx8lZaRBq","preKeyId":2393}}},"version":"v1"}