{"_sessions":{"BUHPMjb99yDDkQfytpL+ke7lk659JVFvIlYNoXZ9XsIH":{"registrationId":12726,"currentRatchet":{"ephemeralKeyPair":{"pubKey":"BSijR/mfziRpJ4ee909Rn0D4IpQLmuJlAR+DGanMFax4","privKey":"gFJtQp3kx7CLfTJ4fHa+x6LgA3SdfzOacB+eUKTeI00="},"lastRemoteEphemeralKey":"BcftVMQO08g5tqEjyPNXhDnseecwKVvaGaar0UpmZ9VC","previousCounter":0,"rootKey":"KM4Sw/nPLux85rTjE9yMpVLNOYplyj0rccSQTrQjpJE="},"indexInfo":{"baseKey":"BUHPMjb99yDDkQfytpL+ke7lk659JVFvIlYNoXZ9XsIH","baseKeyType":1,"closed":-1,"used":1684229002929,"created":1684229002929,"remoteIdentityKey":"BfZHtyqXqDAv7MbWag9hYNzqqWN9g+PShkeOUjvxATUe"},"_chains":{"BSijR/mfziRpJ4ee909Rn0D4IpQLmuJlAR+DGanMFax4":{"chainKey":{"counter":0,"key":"vxsoCQAbck3VHDA0W/vsSIrTlOzJTzf/O2Cy8qlsA3U="},"chainType":1,"messageKeys":{}}},"pendingPreKey":{"signedKeyId":1,"baseKey":"BUHPMjb99yDDkQfytpL+ke7lk659JVFvIlYNoXZ9XsIH","preKeyId":661}}},"version":"v1"}