{"_sessions":{"BXe3yldvqB4HyrsMmnHJGIZ5TFhInC/cVQRBfplixTtu":{"registrationId":955449419,"currentRatchet":{"ephemeralKeyPair":{"pubKey":"BYhHDof55+aGkKa39farULnjohr1hb1IsdgJjFV6DiM8","privKey":"QAj3teJd1qw9Ll1ZpzMEMAKFlFuZmrPu8ViV6tPyhVg="},"lastRemoteEphemeralKey":"BQhOPIKKPPiCZMzNyHtm2VMlwzBqH5zlToh8qgw5BXBV","previousCounter":0,"rootKey":"s/alLeHV9UYOHpBdJ0ZWmXc5RlmPMJFPs4Zzr33zCwc="},"indexInfo":{"baseKey":"BXe3yldvqB4HyrsMmnHJGIZ5TFhInC/cVQRBfplixTtu","baseKeyType":1,"closed":-1,"used":1684229003194,"created":1684229003194,"remoteIdentityKey":"BTV0y7B3ZdhwkYEBeyeeByjTATyc+15jPslEKbusYWR/"},"_chains":{"BYhHDof55+aGkKa39farULnjohr1hb1IsdgJjFV6DiM8":{"chainKey":{"counter":0,"key":"MxIPwGHs6vaOqsQgB8hCLiTsDL3W4Iy1MQqO5cyjunI="},"chainType":1,"messageKeys":{}}},"pendingPreKey":{"signedKeyId":0,"baseKey":"BXe3yldvqB4HyrsMmnHJGIZ5TFhInC/cVQRBfplixTtu"}}},"version":"v1"}