{"_sessions":{"BUdOmLkH1gKEdXitsfkbN9ev3Pk3e1/ZRj/t8tgD/5dk":{"registrationId":25556158,"currentRatchet":{"ephemeralKeyPair":{"pubKey":"BZVdX6TWL0CyXUqPEXxO4rKEHhVLkJufUU9iqYOAatU3","privKey":"IMRdtluOEKt98nU0OaZv0mtAcy8AoIBlCYzDjuKXulg="},"lastRemoteEphemeralKey":"BbRRfDqHrumfHzSH2/WFuk8+N2vajC6xSR315flvCElz","previousCounter":0,"rootKey":"HFgIWxaNIZZYlAeMbylQUSDuLYm7FsrFBYJt7ADplrg="},"indexInfo":{"baseKey":"BUdOmLkH1gKEdXitsfkbN9ev3Pk3e1/ZRj/t8tgD/5dk","baseKeyType":1,"closed":-1,"used":1684231169683,"created":1684231169683,"remoteIdentityKey":"BcNl5gbHaewrNm71fUvJvqk9pJrtxbbtm4uG+heChdNu"},"_chains":{"BZVdX6TWL0CyXUqPEXxO4rKEHhVLkJufUU9iqYOAatU3":{"chainKey":{"counter":0,"key":"7qCujSfhQQ+lnpKo2Dbcwp75T30VrHSLZDNZjapw1BU="},"chainType":1,"messageKeys":{}}},"pendingPreKey":{"signedKeyId":0,"baseKey":"BUdOmLkH1gKEdXitsfkbN9ev3Pk3e1/ZRj/t8tgD/5dk","preKeyId":2430505}}},"version":"v1"}