{"_sessions":{"Bbdh62PYg6X12Ybz0y1HGF734bOkI6LkinnRAjXr9dVx":{"registrationId":436715188,"currentRatchet":{"ephemeralKeyPair":{"pubKey":"BbRwvl0B7Ff8QFp2m/MMYnfvh/rki9GikheobYWgTypX","privKey":"YKJQyLkuL27ITkT/hCPCgaIaWh6C9d4HuCBcQ3UvdmE="},"lastRemoteEphemeralKey":"BY92sjmmBm10+mJdDp19Rir7BNRcQUf5qIjJr3TQ4bEG","previousCounter":0,"rootKey":"zA06xmR4O3kBjFzdwbEz7rcVPocKi7IOMgr0ijhz9VE="},"indexInfo":{"baseKey":"Bbdh62PYg6X12Ybz0y1HGF734bOkI6LkinnRAjXr9dVx","baseKeyType":1,"closed":-1,"used":1684229003254,"created":1684229003254,"remoteIdentityKey":"Bb9mvgbuhG1Zx7kHTU16p00DIp2FlLiFQTDiO0i5iYcV"},"_chains":{"BbRwvl0B7Ff8QFp2m/MMYnfvh/rki9GikheobYWgTypX":{"chainKey":{"counter":0,"key":"M46m4/lwhLgdx77s8VsTE1xJaMvlhW+lrERbgLmbN/4="},"chainType":1,"messageKeys":{}}},"pendingPreKey":{"signedKeyId":10,"baseKey":"Bbdh62PYg6X12Ybz0y1HGF734bOkI6LkinnRAjXr9dVx"}}},"version":"v1"}