{"_sessions":{"BdYewQCW/CUhK6zh+fwyM41omBTUAiTMVcAkJA07U099":{"registrationId":390654446,"currentRatchet":{"ephemeralKeyPair":{"pubKey":"BRcj9EPUB7VZxJPD9YIa6RasRM+fhAMSANeUDRtIEZoA","privKey":"QOg+mPsnrAjtYIPL75ecqjHNZIFQONo8Tj40kQhs8FI="},"lastRemoteEphemeralKey":"BU1fYfLqci2h1e6LXsMIgq3kfiPb+BbjXFsyl6YDZt9k","previousCounter":0,"rootKey":"HH3P6q1BG94HH7gIOoHkmsIMWdVHKm6abA2hpTG+olE="},"indexInfo":{"baseKey":"BdYewQCW/CUhK6zh+fwyM41omBTUAiTMVcAkJA07U099","baseKeyType":1,"closed":-1,"used":1684229003246,"created":1684229003246,"remoteIdentityKey":"BdJwcVgZfesJBIjeViCQoOgosfCn4nt2CZAhPtB93YNg"},"_chains":{"BRcj9EPUB7VZxJPD9YIa6RasRM+fhAMSANeUDRtIEZoA":{"chainKey":{"counter":0,"key":"axFU00k793wlv1S/BWKysL7aexy6PIa2fE6C1iOVCOw="},"chainType":1,"messageKeys":{}}},"pendingPreKey":{"signedKeyId":1,"baseKey":"BdYewQCW/CUhK6zh+fwyM41omBTUAiTMVcAkJA07U099","preKeyId":5250537}}},"version":"v1"}