{"_sessions":{"BRz6yQ/un6QwNqE4gF0V2F3xAgsBuDt6xXgoShvAFkAq":{"registrationId":2064996653,"currentRatchet":{"ephemeralKeyPair":{"pubKey":"BWGv+VuI0Zg63VIa9Ib4+jI9Hs87GaAAavbRCdnhryEh","privKey":"gEOQ6fWv6gTw20hVo4QAadduhVdyJ6FTYfcPmeTRYWc="},"lastRemoteEphemeralKey":"Bagfb+Yx7l+EapV7GzwiwhmqKCrfI7eiQm2i7yD5KGEU","previousCounter":0,"rootKey":"NO6xvVtL7Lv/XeO/HYI0pWpmR1x+wMAjZbG5PFmHnhA="},"indexInfo":{"baseKey":"BRz6yQ/un6QwNqE4gF0V2F3xAgsBuDt6xXgoShvAFkAq","baseKeyType":1,"closed":-1,"used":1684229003240,"created":1684229003240,"remoteIdentityKey":"BWZAZ/WChzzGjelhRIGTP/ymBPRz/uJRe3/AQUpa+d4K"},"_chains":{"BWGv+VuI0Zg63VIa9Ib4+jI9Hs87GaAAavbRCdnhryEh":{"chainKey":{"counter":0,"key":"NXmauzhXG6TqlrB8AFnq4ZuuosoKHn7DUonZ81z6jbY="},"chainType":1,"messageKeys":{}}},"pendingPreKey":{"signedKeyId":0,"baseKey":"BRz6yQ/un6QwNqE4gF0V2F3xAgsBuDt6xXgoShvAFkAq","preKeyId":8840540}}},"version":"v1"}