{"_sessions":{"BdnKv3X1zMUxC/08iLQdsUY9m9oHC9FBWc16/8MBD/xd":{"registrationId":642853614,"currentRatchet":{"ephemeralKeyPair":{"pubKey":"Bb53/aiV/9I/nM9B19H+kYqLj5zRRyZzeT9i+0IDjucl","privKey":"8O8XYdY1DEKWQ3VAlgJYE7o9D8MW774bnZVHDY1Sxlo="},"lastRemoteEphemeralKey":"BRbhzPU4T0qZQ99qN8nuhxrsmKfwoFLtp3mQCN534p9E","previousCounter":0,"rootKey":"7jxvXDHGlvBz6L+oMDUh8xW1+g9nLiJCaj1ltVZq49M="},"indexInfo":{"baseKey":"BdnKv3X1zMUxC/08iLQdsUY9m9oHC9FBWc16/8MBD/xd","baseKeyType":1,"closed":-1,"used":1684229003230,"created":1684229003230,"remoteIdentityKey":"BY6jKjMPkDt5Yca7dy8Fy97KLZRvtnyiLCLoe/7FLalt"},"_chains":{"Bb53/aiV/9I/nM9B19H+kYqLj5zRRyZzeT9i+0IDjucl":{"chainKey":{"counter":0,"key":"8B0oopamDkN1AZHBOPEtnEUbxIMQA+AqHXVGw+XbESk="},"chainType":1,"messageKeys":{}}},"pendingPreKey":{"signedKeyId":0,"baseKey":"BdnKv3X1zMUxC/08iLQdsUY9m9oHC9FBWc16/8MBD/xd","preKeyId":14856935}}},"version":"v1"}