{"_sessions":{"BQyw0AiqTrmkVgzchY3clqcFMiujN3ykyFgngRCbAMYq":{"registrationId":48620947,"currentRatchet":{"ephemeralKeyPair":{"pubKey":"BTdJzLmtKTHYIeK5HIdDuZz8RqYAeueNqfW0xKCW+5Fd","privKey":"6K0T6gLbhjyWfMCYo2wnW92914VQd0DA7LK33fUUuXk="},"lastRemoteEphemeralKey":"BXwnSd6s0Ks55m17kvmwbehMdihmjscNM9xZur+eSL5h","previousCounter":0,"rootKey":"w31oahGmmXzuXzTAdcjI7zsp5LZ746O6KE9SUz4Xm+0="},"indexInfo":{"baseKey":"BQyw0AiqTrmkVgzchY3clqcFMiujN3ykyFgngRCbAMYq","baseKeyType":1,"closed":-1,"used":1684229003211,"created":1684229003211,"remoteIdentityKey":"BZHX9652TtP9orfOC35KRNyr3n22uBcEHGnZGc70/NE+"},"_chains":{"BTdJzLmtKTHYIeK5HIdDuZz8RqYAeueNqfW0xKCW+5Fd":{"chainKey":{"counter":0,"key":"ZiIBN1uP+726qqezczTp5CRH3yC8vnIm7ahEzKeumZQ="},"chainType":1,"messageKeys":{}}},"pendingPreKey":{"signedKeyId":1,"baseKey":"BQyw0AiqTrmkVgzchY3clqcFMiujN3ykyFgngRCbAMYq","preKeyId":13115948}}},"version":"v1"}