{"_sessions":{"BZokJGC+idgL/V4Zs0I6slPoYAWTLmHwPBHhd4vy6RNY":{"registrationId":1319960614,"currentRatchet":{"ephemeralKeyPair":{"pubKey":"BRMU2dlKjYJiqMNFBq1uCJZ38+tK9LNyvMvNKTg026RT","privKey":"kLnGDGMfDy01U0z6cMCexq657YNLgIsTPAT6grTpiEA="},"lastRemoteEphemeralKey":"BeZg0DZmE1xLsYzTYxhcEKWJXK0TW2BfkWrAnoR8XBAc","previousCounter":0,"rootKey":"qOhcYDpO7Do35cEVI6ITAOGI+bYeAWnaOP90EegwvnE="},"indexInfo":{"baseKey":"BZokJGC+idgL/V4Zs0I6slPoYAWTLmHwPBHhd4vy6RNY","baseKeyType":1,"closed":-1,"used":1684229003193,"created":1684229003193,"remoteIdentityKey":"BcFkNT1FtXhlbSadeWYIiwYBkpNW1xH/UoHLOsJ2ofYI"},"_chains":{"BRMU2dlKjYJiqMNFBq1uCJZ38+tK9LNyvMvNKTg026RT":{"chainKey":{"counter":0,"key":"sHPcKhngUGgWElJHXTcGe1bS2t2BUx2ihTyXitZgpas="},"chainType":1,"messageKeys":{}}},"pendingPreKey":{"signedKeyId":1,"baseKey":"BZokJGC+idgL/V4Zs0I6slPoYAWTLmHwPBHhd4vy6RNY"}}},"version":"v1"}