{"_sessions":{"Bc8JOCFawNHXyH4bWde183FiObWaFGtE2Fegyq0Gsls4":{"registrationId":562061276,"currentRatchet":{"ephemeralKeyPair":{"pubKey":"BdmHeAm+G9WJHmW3xDUFubkA9y8i+CHX6GDlbpIucPQV","privKey":"cAHVjwBNfLo/ikFdb6Aw7maGu0PA00AFOrTol3q9vVE="},"lastRemoteEphemeralKey":"BXYppOBYhxl1kqN86XRwuRvzEL17Fecan89UTMxcGdF4","previousCounter":0,"rootKey":"G25GYG3nl5CT5VSqqcD4V/IXZC8c/xTpfsGGB0uejTU="},"indexInfo":{"baseKey":"Bc8JOCFawNHXyH4bWde183FiObWaFGtE2Fegyq0Gsls4","baseKeyType":1,"closed":-1,"used":1684229003221,"created":1684229003221,"remoteIdentityKey":"BdbmL7rj34hgNH1PVUr6rmIk8qT35Of95l0W5kB2bjhx"},"_chains":{"BdmHeAm+G9WJHmW3xDUFubkA9y8i+CHX6GDlbpIucPQV":{"chainKey":{"counter":0,"key":"Ftk/F4X06oASAVqMFlsoH2pFx8YnNbK5MNhZhgzHYFk="},"chainType":1,"messageKeys":{}}},"pendingPreKey":{"signedKeyId":1,"baseKey":"Bc8JOCFawNHXyH4bWde183FiObWaFGtE2Fegyq0Gsls4"}}},"version":"v1"}