{"_sessions":{"BWrpERoGfwCgTK+bOhhW7lnaf68zDYl50CJcli+8VvQo":{"registrationId":1988416925,"currentRatchet":{"ephemeralKeyPair":{"pubKey":"BU1FGa1geNlFhYwt8UiRVaoevSWe7S3vLzK+jXDlALEv","privKey":"cGok6IoR6L2MBGdCbjkgDnrxUXogbcotBnZOrsjE2H8="},"lastRemoteEphemeralKey":"BW0wrV+oRZdAGSOP6H288ZHVPgB0iLWy3RZzj/1wBeFa","previousCounter":0,"rootKey":"oYqPYFoCgAv2COeXByds32GqheVxdFy5XQtbhE6j678="},"indexInfo":{"baseKey":"BWrpERoGfwCgTK+bOhhW7lnaf68zDYl50CJcli+8VvQo","baseKeyType":1,"closed":-1,"used":1684229003233,"created":1684229003233,"remoteIdentityKey":"BUHyNPpPe0pZfafOFmszkBECAYkr3gSgn0t3l3+AXo5P"},"_chains":{"BU1FGa1geNlFhYwt8UiRVaoevSWe7S3vLzK+jXDlALEv":{"chainKey":{"counter":0,"key":"rBsM0LObKY9o+Lza7MsQHpcD8qX7VnbHHjRrsKkf+yo="},"chainType":1,"messageKeys":{}}},"pendingPreKey":{"signedKeyId":0,"baseKey":"BWrpERoGfwCgTK+bOhhW7lnaf68zDYl50CJcli+8VvQo","preKeyId":7578363}}},"version":"v1"}