{"_sessions":{"BT5V2JhJyZ52v1jIPirEMqwAh0D7GRTCeoBCVcudrUsX":{"registrationId":471418480,"currentRatchet":{"ephemeralKeyPair":{"pubKey":"BbjX6do1WSE71zJbxvNnfRia4Y2OV8rW1HhG21MyPXEr","privKey":"IENGc7+uIaP388YgEeIJbt9u0lA6ijCjgFveQDyXYlY="},"lastRemoteEphemeralKey":"BaJdZ0MSWi9sRn4J7fUQUbLR2YqEpCf34IfrdB0RFOFH","previousCounter":0,"rootKey":"UZ5cuk2Wz5vLcFl0KOiRhJa/DmVNSOGe1jnyVH14mkc="},"indexInfo":{"baseKey":"BT5V2JhJyZ52v1jIPirEMqwAh0D7GRTCeoBCVcudrUsX","baseKeyType":1,"closed":-1,"used":1684229003261,"created":1684229003261,"remoteIdentityKey":"BQ+CNJ5GZnOqyfAgVoWPr/R5NHL22JzAYXR3m1quDNxu"},"_chains":{"BbjX6do1WSE71zJbxvNnfRia4Y2OV8rW1HhG21MyPXEr":{"chainKey":{"counter":0,"key":"OBKittwqPbW3pkJCYNmoKno8aUE3CmMQWsNuvkBOGE8="},"chainType":1,"messageKeys":{}}},"pendingPreKey":{"signedKeyId":2,"baseKey":"BT5V2JhJyZ52v1jIPirEMqwAh0D7GRTCeoBCVcudrUsX","preKeyId":14938895}}},"version":"v1"}