{"_sessions":{"Bdgm6DbcqRrIH8eG8RaTMYXsHDnVgMBpqJRwAAX3WXI1":{"registrationId":617259535,"currentRatchet":{"ephemeralKeyPair":{"pubKey":"Bdwt/lLRHispUV2W4N7ZxDkIx/HXie5hwvutDHcQ86wP","privKey":"wAdFGVDr5XyW4IhCtJADhzvW2uOaHu+YGcjs2bXu3Fg="},"lastRemoteEphemeralKey":"BQ0CPTot3tJX+ETddsfPbhvlHxbKKiAbPBU/mJwTAdEX","previousCounter":0,"rootKey":"3Pjck0Jc3hVJ2rQYJCWQ92CY6i3Tcg4PV4P2z0yUuWY="},"indexInfo":{"baseKey":"Bdgm6DbcqRrIH8eG8RaTMYXsHDnVgMBpqJRwAAX3WXI1","baseKeyType":1,"closed":-1,"used":1684229003268,"created":1684229003268,"remoteIdentityKey":"BX7fYKvlfZalUTMCwA/+ZmEL7NxeafOWU54A8zZZfTgJ"},"_chains":{"Bdwt/lLRHispUV2W4N7ZxDkIx/HXie5hwvutDHcQ86wP":{"chainKey":{"counter":0,"key":"d8tE29euy+zO4vlX6PmqO/atNOkZxLotToBtmQlUdqI="},"chainType":1,"messageKeys":{}}},"pendingPreKey":{"signedKeyId":2,"baseKey":"Bdgm6DbcqRrIH8eG8RaTMYXsHDnVgMBpqJRwAAX3WXI1","preKeyId":10894595}}},"version":"v1"}