{"_sessions":{"BZzCLPbQctEwe8S+znGyk23fnaroiT88F+iqp5bBoFRb":{"registrationId":910562100,"currentRatchet":{"ephemeralKeyPair":{"pubKey":"Bbds4DSU0NtHkMHpWG/93b/IZVE5vh/3W04YSYq7Fdkw","privKey":"SNEYv/9vsFWm6Du6+UuMu1FaTZjDXin8MlLZ36BXHkM="},"lastRemoteEphemeralKey":"BcJtjJSJhQkzrhSzGKL35+oOxOC3CTAbL2oFwgVS91AH","previousCounter":0,"rootKey":"JKxw+gNEucP45mmHv8DUjd/KTKO8EZ+oi2OsVyqi/hg="},"indexInfo":{"baseKey":"BZzCLPbQctEwe8S+znGyk23fnaroiT88F+iqp5bBoFRb","baseKeyType":1,"closed":-1,"used":1684229189161,"created":1684229189161,"remoteIdentityKey":"BYCjakL/H2Inb017cdUWD3MOqH/axIu6GAOL6NDCo+cU"},"_chains":{"Bbds4DSU0NtHkMHpWG/93b/IZVE5vh/3W04YSYq7Fdkw":{"chainKey":{"counter":28,"key":"JmOBalg8va5Jo1FaeHztO/3+FZ3RvPXbxHPjPD8ZCcI="},"chainType":1,"messageKeys":{}}},"pendingPreKey":{"signedKeyId":0,"baseKey":"BZzCLPbQctEwe8S+znGyk23fnaroiT88F+iqp5bBoFRb"}}},"version":"v1"}