{"_sessions":{"BRLKAlJxJkwF7+6cFv0FJhPvkHMAubzmJlm8Vcx+IWsm":{"registrationId":15097,"currentRatchet":{"ephemeralKeyPair":{"pubKey":"BerWkPNnA8yzKfjNxVCF5CHksS92VhZquXF1WUb8hu06","privKey":"EOLcY9ospAdKblC568v8YQWuYXeHU1WUzpoQbij3P24="},"lastRemoteEphemeralKey":"BVmN8R9IilafGBgO+VumCr+cGMti6L99lkItOmG+HXcs","previousCounter":0,"rootKey":"FygLF5eAjCCD82K4N+tzH5jxsGnrdqTQ3+jUj8fvh0k="},"indexInfo":{"baseKey":"BRLKAlJxJkwF7+6cFv0FJhPvkHMAubzmJlm8Vcx+IWsm","baseKeyType":1,"closed":-1,"used":1684229002906,"created":1684229002906,"remoteIdentityKey":"Ba3rHCU+Uw7XbFIanbfGI7WmucIBDcI2ZFS9yiMHRQlc"},"_chains":{"BerWkPNnA8yzKfjNxVCF5CHksS92VhZquXF1WUb8hu06":{"chainKey":{"counter":0,"key":"NAxzbwPyLOhfcxoEzIAyaV12lkDvsM+W4A6ZNjhOtjA="},"chainType":1,"messageKeys":{}}},"pendingPreKey":{"signedKeyId":1,"baseKey":"BRLKAlJxJkwF7+6cFv0FJhPvkHMAubzmJlm8Vcx+IWsm"}}},"version":"v1"}