{"_sessions":{"BdpezsqYg7eZk+VJuAIisfXz6NXJx0DfTRx1PyO5CYwm":{"registrationId":1706481902,"currentRatchet":{"ephemeralKeyPair":{"pubKey":"BcYUfOQOGuvZ4x8gp2m/aGxeWhi+4CuQTsjB1bC6vTg8","privKey":"mHiCOvQmxIhQD9dhxfw3vFEJOeenEdYRf/W62ZotSmc="},"lastRemoteEphemeralKey":"BcuR1Xm/WaqDDiY+R6Fm8W4vHXFek/NbtTx3UM0Bu/lR","previousCounter":0,"rootKey":"VgPmXtJ5LoMlGp28AASfe0e334DPmQQN4H3xPAT7RI0="},"indexInfo":{"baseKey":"BdpezsqYg7eZk+VJuAIisfXz6NXJx0DfTRx1PyO5CYwm","baseKeyType":1,"closed":-1,"used":1684229003242,"created":1684229003242,"remoteIdentityKey":"BawEClIWOCWgPDzGlEM4gPs5ATWDN2BsjDd216UzlQR1"},"_chains":{"BcYUfOQOGuvZ4x8gp2m/aGxeWhi+4CuQTsjB1bC6vTg8":{"chainKey":{"counter":0,"key":"LaZxWpqsJwyVnbe2epoZ78tf1VTaf4FU+GvKCcHqhQs="},"chainType":1,"messageKeys":{}}},"pendingPreKey":{"signedKeyId":1,"baseKey":"BdpezsqYg7eZk+VJuAIisfXz6NXJx0DfTRx1PyO5CYwm"}}},"version":"v1"}