{"_sessions":{"BRTLCYYjZ1RQQPG9dM9e/86RxzSvJ6JAijoKHkNDiQRg":{"registrationId":1286117587,"currentRatchet":{"ephemeralKeyPair":{"pubKey":"BYrnmC8WFnuVwycd8d1aSE6wESTjgK2yws50YZYz7X0l","privKey":"IJSWu64erqsuwhRRQSvXCmeQVXSgOU7h+G6DLDhhSnM="},"lastRemoteEphemeralKey":"BdxGJd7jF0t9ojFIlOTrRaulLc/nCgilIQZg8DdHNF4T","previousCounter":0,"rootKey":"z/J7sBZRwDlh0oShYnwHNQUyR3PZIZ2guMPZ9sSSk8A="},"indexInfo":{"baseKey":"BRTLCYYjZ1RQQPG9dM9e/86RxzSvJ6JAijoKHkNDiQRg","baseKeyType":1,"closed":-1,"used":1684229003253,"created":1684229003253,"remoteIdentityKey":"BVEecHoxAgxkEkcL5v8awzxx+fCDynOQI/8o6OEcCBoy"},"_chains":{"BYrnmC8WFnuVwycd8d1aSE6wESTjgK2yws50YZYz7X0l":{"chainKey":{"counter":0,"key":"xMsbQP1WB/yc5BOeUkFsraswOqjXCFORd1yyHWjd2bM="},"chainType":1,"messageKeys":{}}},"pendingPreKey":{"signedKeyId":1,"baseKey":"BRTLCYYjZ1RQQPG9dM9e/86RxzSvJ6JAijoKHkNDiQRg","preKeyId":7058606}}},"version":"v1"}