{"_sessions":{"Bdd63qXe/uW05NfCoMuUMveOBemxVsD1Mhl5fmo6AuAl":{"registrationId":15310,"currentRatchet":{"ephemeralKeyPair":{"pubKey":"BfqM4B5jUXCDHTpPIKRVDoPBGMiJo7SiuHUQelbbu/R9","privKey":"KLodHK59tvKfq1AFx7gixPj5iAnSrri8YwzoImIBjmA="},"lastRemoteEphemeralKey":"BQwEwxzA63ZDh0HfRnjGChLJ87fPFvAdcGVo3hb5s8cm","previousCounter":0,"rootKey":"S5HFiNlKoSUe+dolloTlbhhmx6LbecI6cj4M8wcZiR0="},"indexInfo":{"baseKey":"Bdd63qXe/uW05NfCoMuUMveOBemxVsD1Mhl5fmo6AuAl","baseKeyType":1,"closed":-1,"used":1684229002980,"created":1684229002980,"remoteIdentityKey":"BTWwxTEWlTXIbJdKO9vodzSnZqHnzCCRWHF0q/LEdxhJ"},"_chains":{"BfqM4B5jUXCDHTpPIKRVDoPBGMiJo7SiuHUQelbbu/R9":{"chainKey":{"counter":0,"key":"kexadZICPVRzs7+MmeJu3IivWeRfqzcsgFFaMwOi840="},"chainType":1,"messageKeys":{}}},"pendingPreKey":{"signedKeyId":1,"baseKey":"Bdd63qXe/uW05NfCoMuUMveOBemxVsD1Mhl5fmo6AuAl"}}},"version":"v1"}