{"_sessions":{"Ba6Aoto82ej44HkfWer9R6RPgk2APyPdsuBZLsXhau95":{"registrationId":1689877009,"currentRatchet":{"ephemeralKeyPair":{"pubKey":"BWJuX0Uwji/mjxO/uB43uVCOo2fW92yqPAD0NMIxth4G","privKey":"2GcKA+WgMwE+wY4xDOFo3YU3R2MAcFOpDHh15RGOZHE="},"lastRemoteEphemeralKey":"BTbI4oTa24ZiALUKDja2MLe7e1RpItlPwMCz2VL8l/l7","previousCounter":0,"rootKey":"7mFfYxYgIl1Z7mxO9cU1EK71eM6Cjn6NNIeVlZKYZGo="},"indexInfo":{"baseKey":"Ba6Aoto82ej44HkfWer9R6RPgk2APyPdsuBZLsXhau95","baseKeyType":1,"closed":-1,"used":1684229003266,"created":1684229003266,"remoteIdentityKey":"BegbciJtrv3uOG+xeeU3HpxhxV6uTGCQ1hWlgdJ43CVP"},"_chains":{"BWJuX0Uwji/mjxO/uB43uVCOo2fW92yqPAD0NMIxth4G":{"chainKey":{"counter":0,"key":"86it9kjkbOfVkM00TjQq08WplKdbttFCE6bAN8uDfOs="},"chainType":1,"messageKeys":{}}},"pendingPreKey":{"signedKeyId":0,"baseKey":"Ba6Aoto82ej44HkfWer9R6RPgk2APyPdsuBZLsXhau95","preKeyId":13402513}}},"version":"v1"}