{"_sessions":{"BSpCL9sE1emgZGTsUSCsAUuibsvc1e6rzYNxx+m89xRQ":{"registrationId":180757978,"currentRatchet":{"ephemeralKeyPair":{"pubKey":"BWT/jFjQ3bEJvjsifk2biJJQNJraMi8zoqCDJ7QdJaN8","privKey":"4LTr1xSv57CZtfr4e3i8RQ5biLu9EWR1wdqLEqECnHA="},"lastRemoteEphemeralKey":"BQ1NyIjdNIqcmw3rjuzMwKb+zfjIZpfBJKR/dJMmKik2","previousCounter":0,"rootKey":"B1xrzVuRkQj+smYuT6PuUPJrTMkIGFe6nScQCcXXGLA="},"indexInfo":{"baseKey":"BSpCL9sE1emgZGTsUSCsAUuibsvc1e6rzYNxx+m89xRQ","baseKeyType":1,"closed":-1,"used":1684229003235,"created":1684229003235,"remoteIdentityKey":"BRpneDuijEccpjFq9Xm6fdFmd8ieDQyDjXiS3lyb2h53"},"_chains":{"BWT/jFjQ3bEJvjsifk2biJJQNJraMi8zoqCDJ7QdJaN8":{"chainKey":{"counter":0,"key":"+J+KTeAZtJbNmmSp53A5xsLyEmmv4mPN6Vjezzhbv9Q="},"chainType":1,"messageKeys":{}}},"pendingPreKey":{"signedKeyId":0,"baseKey":"BSpCL9sE1emgZGTsUSCsAUuibsvc1e6rzYNxx+m89xRQ","preKeyId":1020959}}},"version":"v1"}