{"_sessions":{"Be19NOlE/fJ+al6kD1LmC4gOE1PUPybypM1n/bBgulQN":{"registrationId":1379753058,"currentRatchet":{"ephemeralKeyPair":{"pubKey":"BRTgSvPV8PCtAVbs87YRQY7kd6wpOf7hEDAL5eOqM6Zi","privKey":"AHTt573ceb90kDxPponD5eJkAliOfgK19ixRdIyodEM="},"lastRemoteEphemeralKey":"BXcyErgkurP1EpL6uYk1EOX51HbtbDhI2rhJV8gdHokE","previousCounter":0,"rootKey":"v/ql0mpY/QVMb0zH/P1yxay/O2DV7j+NuQMjJXXYbUk="},"indexInfo":{"baseKey":"Be19NOlE/fJ+al6kD1LmC4gOE1PUPybypM1n/bBgulQN","baseKeyType":1,"closed":-1,"used":1684229003227,"created":1684229003227,"remoteIdentityKey":"BXbRmJub47dZ3EmgaIyIUjAORBEO3vJdwQwi1qNPnww2"},"_chains":{"BRTgSvPV8PCtAVbs87YRQY7kd6wpOf7hEDAL5eOqM6Zi":{"chainKey":{"counter":0,"key":"W7RFBGOg0TpBA7k+/1X3Tkcniw5S/z0+Q7I0IKyYp54="},"chainType":1,"messageKeys":{}}},"pendingPreKey":{"signedKeyId":9,"baseKey":"Be19NOlE/fJ+al6kD1LmC4gOE1PUPybypM1n/bBgulQN","preKeyId":3764038}}},"version":"v1"}