{"_sessions":{"BWcflspdCY5xsDh5QjukhMD8HnDDd7drJf/b0eo9iYld":{"registrationId":525551512,"currentRatchet":{"ephemeralKeyPair":{"pubKey":"BRslWr1i/sL3wWJR+sp+gSC9UQw4mpAuKMiXH8dpt4BV","privKey":"OM+WbrQCMWDRlDzfcLYat5cshzCM0Eft5XutCghNskE="},"lastRemoteEphemeralKey":"BYA2fTZJ58p41AdCbWFKy06OnSxF8Z6lsrTllLYOiasy","previousCounter":0,"rootKey":"DDX4g+pAP0OxzIxoiVONggMmfPhOIivtv/+qkH+hccE="},"indexInfo":{"baseKey":"BWcflspdCY5xsDh5QjukhMD8HnDDd7drJf/b0eo9iYld","baseKeyType":1,"closed":-1,"used":1684229003277,"created":1684229003277,"remoteIdentityKey":"BchuU7CMPxfcgobEj8csRTHvnmJdAI6lnhjl+Jz4yd4+"},"_chains":{"BRslWr1i/sL3wWJR+sp+gSC9UQw4mpAuKMiXH8dpt4BV":{"chainKey":{"counter":0,"key":"3nX4M8aKlK9jy9Ou/q5An1Sw6Cit0Kanez8T5GtXj24="},"chainType":1,"messageKeys":{}}},"pendingPreKey":{"signedKeyId":0,"baseKey":"BWcflspdCY5xsDh5QjukhMD8HnDDd7drJf/b0eo9iYld","preKeyId":3050694}}},"version":"v1"}