{"_sessions":{"BShZREXo9kPjXm7URH6f0VHcpNpy9yELlNDfAC6pHhVI":{"registrationId":592576504,"currentRatchet":{"ephemeralKeyPair":{"pubKey":"BYUaIaymF8+0e4cIsrTYja3Xb8t4znyOanVSrmoeIQ5I","privKey":"qJe+3JYJQouLOg8T/pVn+OtmkJHxLTPSVufD9Wyrikg="},"lastRemoteEphemeralKey":"BWHn/6vapkt5awCxeHqr2VJEQYVZrAfhGWdVUmTwsfgQ","previousCounter":0,"rootKey":"GyFOy+6TLSDhMZu+IWaAx3ygCnrwnqha0neJ2xHwzBE="},"indexInfo":{"baseKey":"BShZREXo9kPjXm7URH6f0VHcpNpy9yELlNDfAC6pHhVI","baseKeyType":1,"closed":-1,"used":1684229003239,"created":1684229003239,"remoteIdentityKey":"BeBUTls6QIDGoP17UNvdAYblk//K2YdXdWI7t7wBsMEy"},"_chains":{"BYUaIaymF8+0e4cIsrTYja3Xb8t4znyOanVSrmoeIQ5I":{"chainKey":{"counter":0,"key":"SpAaKt47GrtAJnMMUYr59eyGO674YQ0nrqkN4V0W/k0="},"chainType":1,"messageKeys":{}}},"pendingPreKey":{"signedKeyId":1,"baseKey":"BShZREXo9kPjXm7URH6f0VHcpNpy9yELlNDfAC6pHhVI","preKeyId":8147614}}},"version":"v1"}