{"_sessions":{"BVNufxxNNE1kkyRxUKo6CHMZdNx9Hebe3Mi6oB9xYwBw":{"registrationId":4155,"currentRatchet":{"ephemeralKeyPair":{"pubKey":"BcF+VE6SuNraZcxP/22Bv1wZVtGtCM31v+Oi9IgZJ9VY","privKey":"gPlCUjEspMaRX953lTG7JAH+E3g5wE+LWk1uSLWGck0="},"lastRemoteEphemeralKey":"BU0yKVghCN2b0KrD6J9wCkN3LNwtzv3w2RbDdy7MoW5I","previousCounter":0,"rootKey":"LDEFeVPnHg1DIXm3Ug1HLn3I1pjHATXkH4FolIbG2w0="},"indexInfo":{"baseKey":"BVNufxxNNE1kkyRxUKo6CHMZdNx9Hebe3Mi6oB9xYwBw","baseKeyType":1,"closed":-1,"used":1684229002964,"created":1684229002964,"remoteIdentityKey":"Bfv1c4ZQ0Dv+Fd4/Hi+YIIrMqvxg480EAKEVlt8IcypN"},"_chains":{"BcF+VE6SuNraZcxP/22Bv1wZVtGtCM31v+Oi9IgZJ9VY":{"chainKey":{"counter":0,"key":"oULX8r5LFG8Bid65pfUCn/bYxA4ggR8nhgf7TgA1uI4="},"chainType":1,"messageKeys":{}}},"pendingPreKey":{"signedKeyId":1,"baseKey":"BVNufxxNNE1kkyRxUKo6CHMZdNx9Hebe3Mi6oB9xYwBw","preKeyId":1042}}},"version":"v1"}