{"_sessions":{"BevWt9Z9M3V1LOPFlDCi5Zm7Riih5HXmK5szUJqNgRwx":{"registrationId":1859929266,"currentRatchet":{"ephemeralKeyPair":{"pubKey":"BXEOxhGSzm95X8A+17WNwMl8OJSf6f60apwF/X6lzcc0","privKey":"6HSt5YnF8RVkG8nxV2YqKoL8tzS81fVF1HIDKOmKsEY="},"lastRemoteEphemeralKey":"BS0cV8kWRR4PgOxt6ISN+ud/3n3OlygNWLwJEmf/YFoq","previousCounter":0,"rootKey":"R4g0/ruDAWtDN13LZNK2kZddD9/5RacpKE9UtviVj6I="},"indexInfo":{"baseKey":"BevWt9Z9M3V1LOPFlDCi5Zm7Riih5HXmK5szUJqNgRwx","baseKeyType":1,"closed":-1,"used":1684229003273,"created":1684229003273,"remoteIdentityKey":"BdsqSuSVG7rsm9oct8oDbl7bfmb3XuukVgHIdBCDN/NB"},"_chains":{"BXEOxhGSzm95X8A+17WNwMl8OJSf6f60apwF/X6lzcc0":{"chainKey":{"counter":0,"key":"25DlJTp0VeALUvN5dYXoEAGOAGBQCJyc+m2YcQh1np8="},"chainType":1,"messageKeys":{}}},"pendingPreKey":{"signedKeyId":2,"baseKey":"BevWt9Z9M3V1LOPFlDCi5Zm7Riih5HXmK5szUJqNgRwx","preKeyId":10652110}}},"version":"v1"}