{"_sessions":{"BbVbpGh3fFNdSruMe3liqhmeEBrbDWW2xsuYwFDWOeRl":{"registrationId":40168334,"currentRatchet":{"ephemeralKeyPair":{"pubKey":"BRYXYZfiCsMwTWbKty/mWkdZs//1lmjBlWoNRS6gnddw","privKey":"SCCSgEYvPZmJQrAdwiaq1uq0bVI+NWnaE30uDcQroWI="},"lastRemoteEphemeralKey":"BZDSZMJO0lUb/b+9XHoJQwd/hTEQSBt+7VYLQzJsu7pF","previousCounter":0,"rootKey":"1Iym8UFoE30JgRF2a6nxVwODH6YAqOU5AracMx7dCrE="},"indexInfo":{"baseKey":"BbVbpGh3fFNdSruMe3liqhmeEBrbDWW2xsuYwFDWOeRl","baseKeyType":1,"closed":-1,"used":1684229003224,"created":1684229003224,"remoteIdentityKey":"Bfr4xnB/F7Yza9F3JunKDpV18BFPxeg51Di2Vm37M9Zq"},"_chains":{"BRYXYZfiCsMwTWbKty/mWkdZs//1lmjBlWoNRS6gnddw":{"chainKey":{"counter":0,"key":"zNGjiiuB/N/upZ0g4nJHpAvK/vA+4VFhonAU29800UE="},"chainType":1,"messageKeys":{}}},"pendingPreKey":{"signedKeyId":0,"baseKey":"BbVbpGh3fFNdSruMe3liqhmeEBrbDWW2xsuYwFDWOeRl"}}},"version":"v1"}