{"_sessions":{"BadQO+HJIL7dRjPulIRhhESGg79lqxEk+Lo9xDGEdkcn":{"registrationId":1974779687,"currentRatchet":{"ephemeralKeyPair":{"pubKey":"BWYPM8EQ3khxWlECbhKBHuQQm6HCh1TBWIjxiv2QDPVA","privKey":"6Coi95He7oJ8rMA4m5LDHS2i+A+9z4mMUWGoJmNIOXA="},"lastRemoteEphemeralKey":"BXbxWQm1+bOASXbN767ZCwM9zEooBB6tug5gqTudCoAM","previousCounter":0,"rootKey":"7gwf6wpKOdy7CweOw7houWNAq7BQxAtR3mqymdvxdQg="},"indexInfo":{"baseKey":"BadQO+HJIL7dRjPulIRhhESGg79lqxEk+Lo9xDGEdkcn","baseKeyType":1,"closed":-1,"used":1684229003236,"created":1684229003236,"remoteIdentityKey":"BUHD+8YztPbhBNfw9318xu3Cxay0Zc0v2SZCPlT62F0B"},"_chains":{"BWYPM8EQ3khxWlECbhKBHuQQm6HCh1TBWIjxiv2QDPVA":{"chainKey":{"counter":0,"key":"N45T84/XHt4mgK72/Ry5RuDBXloq+snY5+R7NN6RXpU="},"chainType":1,"messageKeys":{}}},"pendingPreKey":{"signedKeyId":0,"baseKey":"BadQO+HJIL7dRjPulIRhhESGg79lqxEk+Lo9xDGEdkcn","preKeyId":13573195}}},"version":"v1"}