{"_sessions":{"BURfgcjqcm4SJz37eJemJTm7LEMPOnVhmwHjUkqDp5Rq":{"registrationId":1077566845,"currentRatchet":{"ephemeralKeyPair":{"pubKey":"BQXRJ2vuF7QdIKFlGxsR8ec8M36Kqiv8TaaAqaC7S4cL","privKey":"2OBdBM1tg4jAZgVDcSxNLwZCqayVPEciBpj1jRi0dlo="},"lastRemoteEphemeralKey":"BU1IvFH9hdWYnDIAR7nr/WV0v0npuRrPI+WLRNyMIKx+","previousCounter":0,"rootKey":"SwTViCNIg5nSouBR2+Nht0whMnCmf4JUJlmwgJgziUg="},"indexInfo":{"baseKey":"BURfgcjqcm4SJz37eJemJTm7LEMPOnVhmwHjUkqDp5Rq","baseKeyType":1,"closed":-1,"used":1684229003280,"created":1684229003280,"remoteIdentityKey":"BdlaTtQvegH71tTLRe5YP0sWnCtU+gncoGRQp3NoKX0S"},"_chains":{"BQXRJ2vuF7QdIKFlGxsR8ec8M36Kqiv8TaaAqaC7S4cL":{"chainKey":{"counter":0,"key":"0wzxX82Rdtzb7K4MWenSkM1m7T3P7OVk6TX84L1BQCo="},"chainType":1,"messageKeys":{}}},"pendingPreKey":{"signedKeyId":0,"baseKey":"BURfgcjqcm4SJz37eJemJTm7LEMPOnVhmwHjUkqDp5Rq","preKeyId":7278804}}},"version":"v1"}